Code,Name,District,Dem. Sen.,Rep. Sen.,Dem. Dist.,Rep. Dist.,Contested,AREA,POPULATION,IDEAL_VALU,DEVIATION,F_DEVIATIO,sumTOTALPOP,sumWHITE,sumBLACK,sumNATIVE,sumASIAN,sumPACISLAND,sumOTHER,sumTWO_PLUS,sumHISPANIC,sumNATALNCOMB,sumMALE,sumFEMALE,sumGRPQTRS,sumHOUSEUNITS,sumVACANT,sumOCCUPIED,sumOWNED,sumRENTED,County,Dem Incumbent?,Rep Incumbent,Winner
01-480,Fairbanks No. 5,1,381.9643461581857,446.5464853886946,418.8719959381699,417.4087216518109,B,0.73,2885,1622,1263,0.7787,2885,1929,165,307,178,26,57,223,214,419,1481,1404,11,1283,111,1172,589,583,Fairbanks North Star Borough,0,0,D
01-465,Fairbanks No. 2,1,192.44680130881193,162.6199932302832,204.79397495204785,167.2704501861672,B,0.47,1542,1622,-80,-0.0493,1542,973,92,317,39,1,20,100,82,393,777,765,24,1039,144,895,141,754,Fairbanks North Star Borough,0,0,D
01-485,Fairbanks No. 6,1,230.02685320997404,224.0852420173756,252.36539546428975,214.08140584452218,B,1.85,2483,1622,861,0.5308,2483,1335,344,433,105,15,37,214,155,536,1356,1127,387,883,97,786,271,515,Fairbanks North Star Borough,0,0,D
01-446, Aurora,1,472.1362969649103,489.5881191470157,520.926040843958,469.14007672345707,B,1.55,2995,1622,1373,0.8465,3045,2173,123,359,92,3,59,236,192,518,1552,1493,7,1459,232,1227,700,527,Fairbanks North Star Borough,0,0,D
01-490,Fairbanks No. 7,1,295.4324720749182,262.8665237504231,318.2061378765655,256.37617059686335,B,1.48,3010,1622,1388,0.8557,3010,1617,372,512,139,20,58,292,247,694,1539,1471,229,1265,99,1166,320,846,Fairbanks North Star Borough,0,0,D
01-470,Fairbanks No. 3,1,292.9626537289857,247.74489450524652,309.95610966941217,252.46451540110573,B,0.4,1872,1622,250,0.1541,1872,1244,117,277,50,3,43,138,119,341,953,919,120,1032,131,901,370,531,Fairbanks North Star Borough,0,0,D
01-475,Fairbanks No. 4,1,156.56854338260183,152.2144307796457,162.34339388468916,153.99035315355974,B,0.56,1143,1622,-479,-0.2953,1153,759,48,195,30,0,15,106,69,259,583,570,95,503,73,430,209,221,Fairbanks North Star Borough,0,0,D
01-495,Fairbanks No. 10,1,94.45007333859867,124.10306893828275,113.23135507164616,111.89591560419723,B,0.59,1137,1622,-485,-0.299,1137,785,109,99,44,2,27,71,87,120,581,556,29,605,56,549,131,418,Fairbanks North Star Borough,0,0,D
01-455,Fairbanks No. 1,1,107.01195983301365,99.23124224303284,120.30559629922148,94.37239083831659,B,0.58,659,1622,-963,-0.5937,649,494,18,73,15,0,13,36,40,94,333,316,0,338,33,305,146,159,Fairbanks North Star Borough,0,0,D
02-365,Fairbanks No. 9,2,399.0779118277145,531.2915210283008,332.6464652159206,608.507949035968,B,1.13,3939,1622,2317,1.4285,3939,2751,344,233,144,41,87,339,352,389,2003,1936,48,1539,148,1391,720,671,Fairbanks North Star Borough,0,0,R
02-375, Fort Wainwright,2,123.23982410643815,255.3539294170707,92.8676288194836,271.23069117149623,B,15.56,7132,1622,5510,3.397,7132,4885,980,96,173,135,364,499,1105,247,4228,2904,1551,1697,204,1493,12,1481,Fairbanks North Star Borough,0,0,R
02-345,Badger No. 2,2,329.62374563084904,723.7195286954561,290.3701093697147,786.8566918480099,B,16.28,3901,1622,2279,1.4051,3901,3155,127,258,56,7,46,252,195,385,2046,1855,0,1607,166,1441,1040,401,Fairbanks North Star Borough,0,0,R
02-355,Fairbanks No. 8,2,289.0585184349983,324.6350208591724,222.11579659488103,393.4046679445259,B,2.13,2766,1622,1144,0.7053,2716,1924,118,253,116,16,50,239,179,413,1419,1297,17,1427,196,1231,524,707,Fairbanks North Star Borough,0,0,R
03-165, Newby,3,315.5735868273638,890.809483392746,226.68019012052284,1033.520624681718,B,5.27,4163,1622,2541,1.5666,4163,3570,90,167,80,5,55,196,202,280,2161,2002,1,1523,89,1434,1092,342,Fairbanks North Star Borough,0,0,R
03-135, Chena Lakes,3,265.64946528602957,785.2612459684265,203.98709896452215,888.3861823120013,B,13.25,3645,1622,2023,1.2472,3645,3093,127,113,63,7,30,212,178,226,1912,1733,0,1307,83,1224,951,273,Fairbanks North Star Borough,0,0,R
03-183, Plack,3,254.94415209641826,771.9523567023143,174.2081140723137,871.1123748090307,B,17.01,3676,1622,2054,1.2663,3676,3092,87,189,55,11,19,223,140,347,1897,1779,0,1413,146,1267,1022,245,Fairbanks North Star Borough,0,0,R
03-130,Badger No. 1,3,319.70853844848074,779.7807389803655,222.03140383636054,915.3888983194704,B,20.22,4072,1622,2450,1.5105,4072,3441,92,194,53,3,36,253,166,364,2138,1934,4,1625,147,1478,1141,337,Fairbanks North Star Borough,0,0,R
03-175, North Pole,3,166.12425734170768,397.1961749561478,129.09319300628076,451.5919198777797,B,4.15,2117,1622,495,0.3052,2117,1686,115,71,85,2,22,136,130,129,1071,1046,10,916,88,828,458,370,Fairbanks North Star Borough,0,0,R
04-260,Goldstream No. 2,4,572.0987293376813,217.622062296188,601.859889800967,200.5514449567075,B,535.6,1810,1622,188,0.1159,1804,1629,5,69,14,0,12,75,48,120,948,856,0,1014,228,786,610,176,Fairbanks North Star Borough,0,0,D
04-265, Steese East-Gilmore,4,649.302485100641,878.5710109074553,651.9465872034184,889.8330147306871,B,16.04,4330,1622,2708,1.6695,4349,3813,24,158,45,6,54,249,160,292,2227,2122,2,1742,119,1623,1371,252,Fairbanks North Star Borough,0,0,D
04-240, Farmers Loop,4,772.6894748678736,518.4933655684246,792.8438659619926,492.5013493759136,B,12.4,3109,1622,1487,0.9168,3109,2658,31,160,84,3,18,155,74,255,1617,1492,2,1420,102,1318,933,385,Fairbanks North Star Borough,0,0,D
04-280, University Hills,4,166.68508939615427,85.07393455526818,168.8204767794895,80.50191161587766,B,16.14,699,1622,-923,-0.5691,705,613,11,45,5,1,9,21,18,57,369,336,5,398,48,350,158,192,Fairbanks North Star Borough,0,0,D
04-230, Ester,4,331.17716181266167,170.00804003148545,340.77819633419546,168.46446643427416,B,109.1,1131,1622,-491,-0.3027,1131,1021,18,31,11,4,2,44,30,66,601,530,4,625,102,523,382,141,Fairbanks North Star Borough,0,0,D
04-250,Goldstream No. 1,4,331.3182278196334,202.33307095468345,351.36388170471156,197.7797143820983,B,48.61,1580,1622,-42,-0.0259,1580,1385,17,45,10,0,10,113,38,118,824,756,0,802,88,714,456,258,Fairbanks North Star Borough,0,0,D
04-270, Steese West,4,792.7288316653547,966.898515686495,839.3871022152255,906.3680985044417,B,62.19,5127,1622,3505,2.1609,5108,4274,42,330,94,5,33,330,151,579,2704,2404,0,2266,220,2046,1603,443,Fairbanks North Star Borough,0,0,D
05-590, Richardson,5,61.870045411223856,119.09569994954309,56.50546616583506,125.86808319784717,B,9.44,811,1622,-811,-0.5,811,644,21,64,23,2,3,54,20,103,449,362,0,370,62,308,211,97,Fairbanks North Star Borough,0,1,D
05-587, Lakeview,5,60.34069630543253,101.4673992263273,56.083814542804284,105.64394236698996,B,6.18,544,1622,-1078,-0.6646,544,414,15,36,8,5,5,61,28,83,294,250,0,252,29,223,159,64,Fairbanks North Star Borough,0,1,D
05-596, University West,5,595.2091158827157,586.6553232045748,597.3195044009643,595.2226271233952,B,1.49,3589,1622,1967,1.2127,3589,2549,185,303,128,20,47,357,264,496,1816,1773,3,1449,71,1378,917,461,Fairbanks North Star Borough,0,1,D
05-594, University Campus,5,87.36912036777485,53.92403431070247,82.28300723215787,51.70342546392331,B,0.64,1467,1622,-155,-0.0956,1467,1068,58,124,137,4,10,66,50,159,828,639,1151,168,22,146,1,145,Fairbanks North Star Borough,0,1,D
05-586, Geist,5,446.38464988507036,359.83623927790546,444.41156023995063,359.46767954252397,B,2.63,2886,1622,1264,0.7793,2890,1967,79,346,172,12,46,268,153,510,1539,1351,145,1199,96,1103,532,571,Fairbanks North Star Borough,0,1,D
05-580, Airport,5,69.67909401805237,99.72035656220217,64.37242809889555,111.87873521332062,B,1.13,556,1622,-1066,-0.6572,552,414,25,45,12,4,4,48,54,68,326,226,17,249,25,224,99,125,Fairbanks North Star Borough,0,1,D
05-592, Shanly,5,241.56870549980377,200.56825699388912,251.15899534675114,201.2295789650726,B,0.84,1545,1622,-77,-0.0475,1545,1015,57,237,59,10,14,153,97,331,771,774,0,726,67,659,339,320,Fairbanks North Star Borough,0,1,D
05-582, Chena,5,1158.9927117788866,964.3444525424679,1156.3078993104223,973.7026966418119,B,1365.99,5709,1622,4087,2.5197,5709,4761,71,379,101,2,47,348,186,620,3026,2683,8,2648,325,2323,1668,655,Fairbanks North Star Borough,0,1,D
05-588, Pike,5,112.58586085103997,134.38823793238774,112.55732466221897,144.2832314851152,B,11.75,730,1622,-892,-0.5499,730,550,10,84,18,1,9,58,26,126,409,321,14,344,37,307,185,122,Fairbanks North Star Borough,0,1,D
06-024, Clear,6,35.92092997135958,43.86707474588645,25.93839501319706,59.61913854102319,B,2173.9,216,1622,-1406,-0.8668,216,189,3,12,2,0,2,8,6,20,124,92,24,174,82,92,77,15,Denali Borough,0,0,R
06-030, Eagle,6,31.224181501656652,55.08710057842421,33.3280732296288,56.773010613803564,B,9036.92,197,1622,-1425,-0.8785,197,155,1,37,1,0,0,3,1,40,109,88,0,323,229,94,88,6,Anchorage Municipality,0,0,R
06-023, Circle,6,27.19037457179761,11.571460661537598,25.794631324759926,12.874375245689897,B,63.84,87,1622,-1535,-0.9464,60,5,0,49,0,0,0,6,1,51,27,33,0,35,9,26,17,9,Yukon-Koyukuk Census Area,0,0,R
06-005, Anderson,6,39.737575110911436,48.66181838602797,19.7777840175212,70.39647329701802,B,3.45,211,1622,-1411,-0.8699,211,187,2,4,1,1,2,14,9,15,118,93,0,141,54,87,73,14,Denali Borough,0,0,R
06-050, Manley Hot Springs,6,24.180490818217557,26.679845004773405,19.66193070140956,34.076767563317794,B,3652.94,114,1622,-1508,-0.9297,114,81,0,18,0,0,0,15,6,33,64,50,0,221,166,55,41,14,Yukon-Koyukuk Census Area,0,0,R
06-095, Venetie,6,60.12405233896782,10.855562419273319,60.36440725557365,12.437019149772562,B,4385.02,167,1622,-1455,-0.897,167,3,0,153,1,0,0,10,3,160,101,66,0,90,28,62,46,16,Yukon-Koyukuk Census Area,0,0,R
06-040, Healy,6,179.01089459201438,225.31234907620598,101.54399955073848,313.7314539226147,B,2196.44,982,1622,-640,-0.3946,982,902,3,16,15,0,4,42,21,35,524,458,12,1013,603,410,314,96,Denali Borough,0,0,R
06-015, Central,6,21.353961925085642,34.99348570786769,17.689841073735046,38.50182512495086,B,12430.4,146,1622,-1476,-0.91,173,119,0,48,0,0,1,5,3,52,95,78,10,302,217,85,70,15,Kenai Peninsula Borough,0,0,R
06-007, Arctic Village,6,55.64732970180266,7.321895883641265,45.94681866681642,15.85808951535913,B,4741.42,154,1622,-1468,-0.9051,154,8,0,136,0,0,0,10,0,146,87,67,0,86,20,66,49,17,Yukon-Koyukuk Census Area,0,0,R
06-180, Two Rivers,6,208.46627730667714,341.85275453473355,202.83416633908013,362.92918515190655,B,700.12,1458,1622,-164,-0.1011,1458,1279,5,54,11,1,12,96,48,128,748,710,0,780,162,618,510,108,Fairbanks North Star Borough,0,0,R
06-010, Beaver,6,24.117032627618354,3.4893581175942043,22.730386926489583,5.785309148087831,B,2939.5,85,1622,-1537,-0.9476,85,2,0,82,0,0,0,1,4,83,44,41,0,60,23,37,32,5,Yukon-Koyukuk Census Area,0,0,R
06-026, Denali Park,6,78.8109170550907,16.74392092997136,52.842028415791546,46.48553939462009,B,8410.19,213,1622,-1409,-0.8687,213,200,1,0,1,0,2,9,3,6,116,97,0,257,138,119,59,60,Denali Borough,0,0,R
06-145, Eielson,6,131.06806312124445,319.6627169090807,115.02746111079912,324.8789801763352,B,438.33,2647,1622,1025,0.6319,2647,2126,207,24,69,12,43,166,210,54,1488,1159,425,848,209,639,3,636,Fairbanks North Star Borough,0,0,R
06-150, Fox,6,105.39321615095187,171.6653001628573,93.99528275397316,193.26618745437187,B,864.68,747,1622,-875,-0.5395,747,648,2,34,22,0,5,36,25,58,405,342,0,517,170,347,255,92,Fairbanks North Star Borough,0,0,R
06-090, Tok,6,166.86550233054416,336.4635255798282,183.05217049474925,336.9132363677206,B,617.22,1278,1622,-344,-0.2121,1278,993,8,159,6,0,5,107,31,261,679,599,2,738,199,539,417,122,Southeast Fairbanks Census Area,0,0,R
06-056, Nenana,6,119.7895771325883,177.75065985286685,103.71460661537597,210.1043409894985,B,1353.71,676,1622,-946,-0.5832,676,434,3,184,3,0,1,51,7,220,355,321,0,424,140,284,215,69,Yukon-Koyukuk Census Area,0,0,R
06-160, Salcha,6,129.88942550682316,359.0875498399506,115.45291177626777,392.0142640534621,B,2977.87,1415,1622,-207,-0.1276,1415,1279,11,57,15,0,3,50,44,91,751,664,0,1365,797,568,457,111,Fairbanks North Star Borough,0,0,R
06-054, Minto,6,63.70090413882181,16.62076711405627,60.745661818386026,22.35194024821699,B,141.82,210,1622,-1412,-0.8705,210,9,0,190,0,0,1,10,1,200,118,92,0,94,29,65,45,20,Yukon-Koyukuk Census Area,0,0,R
06-035, Gakona,6,40.61481439883192,70.1216375582636,45.05003650249902,68.31936878755546,B,1298.15,344,1622,-1278,-0.7879,340,203,0,135,0,0,0,2,7,137,176,164,0,203,79,124,87,37,Valdez-Cordova Census Area,0,0,R
06-012, Cantwell,6,40.88425899926995,50.82602347391475,34.906272814061886,56.57460549222216,B,247.87,215,1622,-1407,-0.8674,215,168,1,34,0,0,4,8,3,42,125,90,0,201,98,103,86,17,Denali Borough,0,0,R
06-155, Moose Creek,6,82.12377155051385,159.96091424720615,70.13904644241029,172.01095074970516,B,40,876,1622,-746,-0.4599,876,700,40,39,27,5,11,54,36,62,474,402,4,386,33,353,163,190,Fairbanks North Star Borough,0,0,R
06-085, Tetlin,6,40.767226371651596,9.336665356320548,41.175885887572306,9.789296344134328,B,978.96,130,1622,-1492,-0.9199,130,8,0,117,0,0,0,5,3,122,72,58,0,67,23,44,37,7,Southeast Fairbanks Census Area,0,0,R
06-047, Kenny Lake,6,66.75161453361038,91.3942269893862,61.04582467568933,99.69989330038749,B,409.98,375,1622,-1247,-0.7688,375,310,1,35,1,0,1,27,12,60,200,175,0,284,127,157,116,41,Valdez-Cordova Census Area,0,0,R
06-060, Northway,6,53.707923850171284,32.98697141573538,60.37968214747009,37.003650249901725,B,3635.35,292,1622,-1330,-0.82,292,70,0,184,1,0,1,36,4,216,160,132,0,152,42,110,69,41,Southeast Fairbanks Census Area,0,0,R
06-080, Tanana,6,79.16774302240692,17.26281799292413,64.03054978379289,24.133262200258326,B,13314.17,250,1622,-1372,-0.8459,250,26,0,215,1,0,1,7,1,222,133,117,5,174,72,102,70,32,Yukon-Koyukuk Census Area,0,0,R
06-027, Dot Lake,6,10.674116920312237,37.47133149884877,10.846240242601224,40.10501488178806,B,2741.07,182,1622,-1440,-0.8878,182,110,0,65,0,0,0,7,4,72,93,89,0,145,83,62,26,36,Southeast Fairbanks Census Area,0,0,R
06-020, Chistochina,6,28.277755938675803,60.38597180883922,43.126916381198406,49.26686134666143,B,6214.68,253,1622,-1369,-0.844,253,170,1,68,0,0,0,14,0,81,141,112,0,323,201,122,100,22,Valdez-Cordova Census Area,0,0,R
06-075, Tanacross,6,40.57398775762341,16.239793339697872,44.88257426854608,13.769023417757062,B,470.66,152,1622,-1470,-0.9063,152,30,0,109,0,0,0,13,0,122,79,73,0,90,31,59,49,10,Southeast Fairbanks Census Area,0,0,R
06-053, Mentasta,6,42.327174706576066,10.84405009266019,42.790419497950246,11.25489975852193,B,1589.84,118,1622,-1504,-0.9273,118,32,0,85,0,0,0,1,0,86,72,46,0,102,53,49,29,20,Southeast Fairbanks Census Area,0,0,R
06-033, Fort Yukon,6,148.1929578255742,51.20222384455551,132.06795080586286,58.59420452630988,B,17723.06,687,1622,-935,-0.5764,687,57,3,612,1,3,1,10,2,622,379,308,2,447,159,288,207,81,Yukon-Koyukuk Census Area,0,0,R
06-070, Stevens Village,6,14.740439153142024,6.187229741113045,15.2764643117875,5.542370977705397,B,5984.62,102,1622,-1520,-0.9371,102,6,1,89,0,0,1,5,12,94,61,41,0,99,63,36,23,13,Yukon-Koyukuk Census Area,0,0,R
06-170, Steele Creek,6,241.53389116639522,322.8840343685068,208.9010501488179,358.7264558881339,B,70.91,1678,1622,56,0.0345,1678,1462,21,69,9,2,11,104,39,143,887,791,0,754,87,667,561,106,Fairbanks North Star Borough,0,0,R
06-025, Copper Center,6,138.17161790307182,172.208962767451,150.9405290054473,167.2130061211883,B,9961.52,1150,1622,-472,-0.291,1154,731,4,313,5,3,0,98,25,405,601,553,0,811,340,471,344,127,Valdez-Cordova Census Area,0,0,R
07-130, Foothills,7,103.34638196915776,305.1426876800542,NA,283.6027791899678,R,3.63,1608,1622,-14,-0.0086,1608,1370,20,71,27,4,8,108,60,155,846,762,0,549,30,519,427,92,Anchorage Municipality,0,1,R
07-100,Lakes No. 1,7,175.55990510083038,457.6983562108117,NA,442.80410099983055,R,2.68,1941,1622,319,0.1967,1893,1582,29,102,17,3,18,142,70,198,960,933,19,661,37,624,558,66,Matanuska-Susitna Borough,0,1,R
07-125,Wasilla No. 2,7,320.1814946619217,777.6080325368582,NA,696.5139806812405,R,8.12,4203,1622,2581,1.5912,4203,3527,47,221,92,10,37,269,169,385,2150,2053,95,1601,166,1435,891,544,Matanuska-Susitna Borough,0,1,R
07-115, Wasilla Lake,7,144.68643732700673,330.98531322374737,NA,328.0503869400667,R,2.86,1951,1622,329,0.2028,1791,1444,24,86,36,5,14,182,60,226,909,882,23,803,87,716,371,345,Matanuska-Susitna Borough,0,1,R
07-120,Wasilla No. 1,7,318.7410043495453,682.001920578433,NA,654.978026323222,R,4.93,3694,1622,2072,1.2774,3854,3200,61,205,75,10,56,247,170,389,1866,1988,0,1765,152,1613,737,876,Matanuska-Susitna Borough,0,1,R
07-110, Schrock,7,167.26413602214313,503.2418799073603,NA,444.58555047167147,R,3.33,2866,1622,1244,0.767,2866,2499,15,129,24,10,29,160,141,238,1469,1397,0,1021,41,980,660,320,Matanuska-Susitna Borough,0,1,R
07-105, Pioneer Peak,7,118.22064056939502,350.3218098627351,NA,337.465175394001,R,3.09,1440,1622,-182,-0.1122,1488,1274,18,68,15,2,6,105,40,154,737,751,37,567,39,528,413,115,Matanuska-Susitna Borough,0,1,R
08-135,Meadow Lakes No. 2,8,254.31615255187887,642.3652832305104,188.73959618620302,715.24666292765,B,18.49,3143,1622,1521,0.9377,3146,2689,12,178,24,15,18,210,95,335,1680,1466,0,1408,249,1159,925,234,Matanuska-Susitna Borough,0,0,R
08-140,Knik Goose Bay No. 1,8,219.62680874929893,718.5666853617498,169.36432978126751,793.5885586090858,B,21.5,3644,1622,2022,1.2466,3644,3045,31,219,46,14,24,265,170,405,1895,1749,0,1353,140,1213,993,220,Matanuska-Susitna Borough,0,0,R
08-150,Knik Goose Bay No. 3,8,226.757599551318,717.0786315199102,179.77106001121706,775.0775098149187,B,416.1,3562,1622,1940,1.1961,3562,2871,74,315,49,5,15,233,156,473,1960,1602,126,1519,328,1191,984,207,Matanuska-Susitna Borough,0,0,R
08-155, Big Lake,8,282.0863712843522,778.4324172742569,203.94784071789118,910.3606281547953,B,233.18,3310,1622,1688,1.0407,3310,2855,7,229,18,3,21,177,103,348,1744,1566,0,2788,1430,1358,1103,255,Matanuska-Susitna Borough,0,0,R
08-130,Meadow Lakes No. 1,8,114.1793606281548,277.44991587212564,87.36051598429613,312.85148625911387,B,5.48,1432,1622,-190,-0.1171,1432,1203,15,96,12,1,18,87,79,158,716,716,0,593,84,509,384,125,Matanuska-Susitna Borough,0,0,R
08-145,Knik Goose Bay No. 2,8,191.0337072349972,487.107066741447,135.81665731912506,559.8751542344363,B,7.2,2739,1622,1117,0.6887,2739,2323,25,131,34,6,12,208,110,294,1429,1310,0,991,64,927,716,211,Matanuska-Susitna Borough,0,0,R
09-665, Whittier,9,45.61029370313997,57.268899036022326,32.013698630136986,56.958847736625515,B,19.67,220,1622,-1402,-0.8644,220,153,1,12,17,7,1,29,11,33,125,95,0,280,166,114,43,71,Valdez-Cordova Census Area,0,0,R
09-622, Farm Loop,9,362.13946671176507,693.1547437848808,167.9041095890411,667.2551440329219,B,224.06,2767,1622,1145,0.7059,2819,2483,24,95,28,3,11,175,67,213,1411,1408,7,1149,156,993,857,136,Matanuska-Susitna Borough,0,0,R
09-632, Glennallen,9,68.39331416652573,168.23389142567225,30.753424657534246,124.23045267489712,B,6169.56,712,1622,-910,-0.561,712,586,5,42,5,10,4,60,9,94,377,335,18,913,587,326,193,133,Valdez-Cordova Census Area,0,0,R
09-645, Sutton,9,211.65043125317098,308.23744292237444,109.54794520547945,275.8148148148148,B,253.87,1719,1622,97,0.0598,1667,1201,35,257,28,6,6,134,72,369,1092,575,482,720,228,492,387,105,Matanuska-Susitna Borough,0,0,R
09-608, Delta Junction,9,106.78482439821862,269.7163876204972,46.12328767123287,204.36625514403292,B,16.72,958,1622,-664,-0.4094,958,844,17,31,11,6,9,40,45,53,526,432,0,517,140,377,205,172,Southeast Fairbanks Census Area,0,0,R
09-660,Valdez No. 3,9,227.48706240487064,285.8767123287671,91.56164383561644,295.55555555555554,B,2699.62,1647,1622,25,0.0154,1647,1361,4,133,24,7,12,106,75,211,921,726,93,800,125,675,518,157,Valdez-Cordova Census Area,0,0,R
09-628, Fishhook,9,420.1882293252156,863.8721461187215,167.39726027397262,845.4074074074074,B,53.42,3168,1622,1546,0.9531,3168,2814,18,113,30,10,18,165,84,228,1652,1516,24,1241,131,1110,954,156,Matanuska-Susitna Borough,0,0,R
09-640, Sheep Mountain,9,42.00558092338915,87.54337899543378,16.561643835616437,50.074074074074076,B,11306.44,333,1622,-1289,-0.7947,333,309,0,5,4,0,0,15,11,18,192,141,0,1038,882,156,128,28,Matanuska-Susitna Borough,0,0,R
09-600, Big Delta,9,307.34962511979256,914.1922881785895,116.58904109589041,748.7818930041152,B,5061.6,3839,1622,2217,1.3668,3839,3440,50,106,45,12,54,132,146,171,2198,1641,367,1878,597,1281,837,444,Southeast Fairbanks Census Area,0,0,R
09-655,Valdez No. 2,9,137.46744461356334,206.3302891933029,56.89041095890411,215.90123456790124,B,3.41,1014,1622,-608,-0.3748,1014,816,11,74,26,20,4,63,44,117,541,473,45,467,39,428,219,209,Valdez-Cordova Census Area,0,0,R
09-650,Valdez No. 1,9,224.9237273803484,314.5738203957382,96.65753424657534,315.65432098765433,B,119.45,1362,1622,-260,-0.1603,1362,1105,9,119,31,5,11,82,67,186,692,670,27,528,35,493,351,142,Valdez-Cordova Census Area,0,0,R
10-045, Willow,10,300.3811073091378,519.7590172210691,201.88814719246088,530.4738879228137,B,697.79,2124,1622,502,0.3095,2124,1929,0,109,17,2,6,61,27,159,1135,989,11,1942,1036,906,767,139,Matanuska-Susitna Borough,0,0,R
10-025,Meadow Lakes No. 3,10,123.64189151287374,334.7433668031637,77.02473775733438,345.2532675155663,B,48.85,1515,1622,-107,-0.066,1515,1334,7,72,11,6,9,76,49,117,814,701,0,683,131,552,473,79,Matanuska-Susitna Borough,0,0,R
10-020, Houston,10,189.55399113703933,403.3988893251809,113.10646771750714,409.0424075840018,B,23.43,1912,1622,290,0.1788,1909,1572,7,126,11,4,21,168,64,262,1021,888,7,971,242,729,536,193,Matanuska-Susitna Borough,0,0,R
10-055,Lakes No. 2,10,121.41947607561565,327.25079934930164,81.63549671846076,326.6967521175745,B,3.68,1325,1622,-297,-0.1831,1325,1131,9,71,11,1,13,89,69,129,663,662,0,446,19,427,373,54,Matanuska-Susitna Borough,0,0,R
10-015, Tanaina,10,299.51668816963036,664.5596567005105,195.7965445672295,665.6312896168733,B,23.69,3184,1622,1562,0.963,3184,2735,24,163,36,0,35,191,146,293,1640,1544,10,1112,80,1032,861,171,Matanuska-Susitna Borough,0,0,R
10-050,Meadow Lakes No. 4,10,64.483872777248,158.25747461715375,35.59157457788747,155.53278734503843,B,3.24,818,1622,-804,-0.4957,818,635,3,60,27,6,7,80,22,129,420,398,0,313,36,277,190,87,Matanuska-Susitna Borough,0,0,R
10-030, Susitna,10,154.8462444606496,271.12430582823805,101.31654232344196,277.52650474000114,B,453.68,1195,1622,-427,-0.2633,1169,1026,4,67,8,0,10,54,33,114,631,538,0,1325,799,526,443,83,Matanuska-Susitna Borough,0,0,R
10-010, Church,10,217.47512200594605,588.110226061592,154.73691591406293,564.9731867392157,B,6.2,2564,1622,942,0.5808,2564,2170,30,97,45,1,19,202,93,234,1306,1258,11,907,62,845,664,181,Matanuska-Susitna Borough,0,0,R
10-040, Trapper Creek,10,50.55730072362147,113.31996409939978,35.0963706736972,107.51046165928086,B,9996.68,566,1622,-1056,-0.651,592,519,2,31,5,0,0,35,6,61,314,278,0,1708,1426,282,226,56,Matanuska-Susitna Borough,0,0,R
10-035, Talkeetna,10,227.2835025523083,160.5781679474954,165.35541594211028,174.92449655017668,B,857.03,1029,1622,-593,-0.3656,1029,945,4,33,5,4,2,36,16,58,542,487,7,1191,667,524,381,143,Matanuska-Susitna Borough,0,0,R
10-005, Kings Lake,10,169.84080327592977,320.89813204689517,97.45178661580748,336.4349582094576,B,2.13,1595,1622,-27,-0.0166,1595,1323,8,119,11,1,21,112,62,206,840,755,0,598,40,558,447,111,Matanuska-Susitna Borough,0,0,R
11-090, Seward Meridian,11,123.64416346805149,372.53894784375706,113.68864303454504,397.09663580943777,B,2.19,1416,1622,-206,-0.127,1416,1233,12,55,19,0,21,76,69,107,715,701,5,529,18,511,372,139,Matanuska-Susitna Borough,0,0,R
11-099, Lazy Mountain,11,221.11650485436894,354.52912621359224,220.60194174757282,382.8592233009709,B,25.06,1290,1622,-332,-0.2047,1290,1148,5,47,12,0,7,71,45,102,657,633,50,484,45,439,367,72,Matanuska-Susitna Borough,0,0,R
11-065, Mat-Su Campus,11,156.1566945134342,341.1903364190562,140.8871076992549,371.39399412960034,B,6.84,1220,1622,-402,-0.2478,1220,1088,11,42,11,4,20,44,54,70,641,579,0,452,28,424,316,108,Matanuska-Susitna Borough,0,0,R
11-055, Walby,11,254.39376834499888,696.7030932490404,243.344547301874,740.8575299164597,B,6.22,2300,1622,678,0.418,2300,1971,19,93,51,10,15,141,64,197,1168,1132,11,788,43,745,624,121,Matanuska-Susitna Borough,0,0,R
11-095, Springer Loop,11,222.9794536012644,542.0355610747347,246.10702190110635,539.0664935651389,B,5.03,1678,1622,56,0.0345,1679,1491,14,61,16,1,8,88,77,95,856,823,0,631,43,588,518,70,Matanuska-Susitna Borough,0,0,R
11-085, Trunk,11,211.36712576202302,478.80689771957555,186.07123504177014,534.0563897042222,B,3.69,1799,1622,177,0.1091,1805,1509,24,73,17,1,25,156,84,172,932,873,0,640,36,604,489,115,Matanuska-Susitna Borough,0,0,R
11-075,Palmer City No. 2,11,271.873334838564,541.3346127794084,270.2641679837435,581.7780537367352,B,1.57,2460,1622,838,0.5166,2622,2088,46,231,27,14,18,198,111,372,1283,1339,6,1012,85,927,576,351,Matanuska-Susitna Borough,0,0,R
11-070,Palmer City No. 1,11,402.93452246556785,611.844095732671,373.69270715737184,695.1624520207722,B,3.68,3498,1622,1876,1.1566,3497,2772,63,318,39,7,27,271,165,508,1741,1756,417,1339,88,1251,710,541,Matanuska-Susitna Borough,0,0,R
11-060, Greater Palmer,11,280.53443215172723,589.0173289681644,261.3426281327613,616.7292278166628,B,5.02,2055,1622,433,0.267,1893,1616,39,60,31,7,4,136,54,154,958,935,3,691,26,665,535,130,Matanuska-Susitna Borough,0,0,R
12-200,Fairview No. 1,12,150.44372135136666,386.478014826552,116.64716201686379,426.478014826552,B,17.22,1623,1622,1,0.0006,1623,1380,15,81,18,25,7,97,48,148,855,768,0,612,59,553,450,103,Matanuska-Susitna Borough,0,0,R
12-225, Eklutna,12,340.39092298115554,609.7379322053082,344.2316790221266,624.7379322053082,B,574.19,2426,1622,804,0.4957,2426,2075,21,136,49,0,13,132,90,233,1293,1133,139,860,41,819,677,142,Anchorage Municipality,0,0,R
12-230,Peters Creek No. 1,12,441.9554637541735,975.563295795371,420.0943353517062,1015.563295795371,B,6.54,3310,1622,1688,1.0407,3310,2876,36,159,24,4,22,189,119,277,1664,1646,0,1188,61,1127,955,172,Anchorage Municipality,0,0,R
12-205,Fairview No. 2,12,152.3995246448984,462.190764529455,124.51587346499915,480.190764529455,B,50.63,1405,1622,-217,-0.1338,1399,1147,11,82,30,11,18,100,51,143,699,700,0,493,25,468,364,104,Matanuska-Susitna Borough,0,0,R
12-233,Peters Creek No. 2,12,234.72259634429292,461.8961575462622,249.33472921736177,452.8961575462622,B,30.09,2003,1622,381,0.2349,2003,1704,3,122,26,3,21,124,89,219,1016,987,1,873,59,814,553,261,Anchorage Municipality,0,0,R
12-220, Butte,12,526.9281874257258,1095.8904985569577,463.2194556052289,1200.8904985569577,B,286.27,3990,1622,2368,1.4599,3990,3592,20,168,28,5,12,165,124,297,2045,1945,8,1673,172,1501,1208,293,Matanuska-Susitna Borough,0,0,R
12-210, Snowshoe,12,285.1595834983872,739.2433365400939,239.95676532171353,804.2433365400939,B,6.95,2914,1622,1292,0.7965,2914,2497,24,122,51,4,4,212,111,251,1456,1458,11,1022,55,967,803,164,Matanuska-Susitna Borough,0,0,R
13-240, Fire Lake,13,243.9229550854169,606.1241090621111,NA,767.9066636497341,R,7.44,2256,1622,634,0.3909,2256,1907,56,76,54,9,23,131,102,146,1148,1108,15,813,26,787,505,282,Anchorage Municipality,0,0,R
13-255,Chugach Park No. 1,13,260.7947165969001,481.217615114832,NA,599.0596786966852,R,2.4,1611,1622,-11,-0.0068,1611,1395,21,32,55,1,18,89,73,75,849,762,4,614,26,588,498,90,Anchorage Municipality,0,0,R
13-245,JBER No. 1,13,207.92114492589658,498.11087227061887,NA,568.9485235886413,R,73.06,7994,1622,6372,3.9285,7994,5953,971,121,154,64,251,480,1060,247,4727,3267,1937,1844,90,1754,18,1736,Anchorage Municipality,0,0,R
13-235, Chugiak,13,196.41514877248557,373.50452539880075,NA,492.21218463627105,R,12.04,1589,1622,-33,-0.0203,1589,1301,15,90,50,0,4,129,45,198,826,763,0,632,48,584,446,138,Anchorage Municipality,0,0,R
13-260, Centennial Park,13,89.46854847833465,34.395010747822155,NA,86.97731643851114,R,0.32,259,1622,-1363,-0.8403,259,130,10,86,25,0,0,8,2,93,84,175,87,157,15,142,0,142,Anchorage Municipality,0,0,R
13-250,Downtown Eagle River No. 1,13,390.47748614096616,760.6478674058151,NA,981.8956329901573,R,0.78,3969,1622,2347,1.447,3969,3066,108,262,115,28,54,336,307,455,1984,1985,0,1609,62,1547,783,764,Anchorage Municipality,0,0,R
14-950,Meadow Creek No. 2,14,368.7110786844764,724.2486249859693,263.60915927713546,811.8092939723874,B,1.01,2184,1622,562,0.3465,2184,1911,39,72,40,5,14,103,78,133,1085,1099,0,757,15,742,648,94,Anchorage Municipality,0,0,R
14-970, Hiland,14,409.12257267931307,804.6975530362555,297.3779324278819,897.3687843753507,B,203.27,3123,1622,1501,0.9254,3123,2572,94,172,87,12,26,160,147,258,1406,1717,425,916,24,892,770,122,Anchorage Municipality,0,0,R
14-965,Chugach Park No. 2,14,637.6949152542372,1146.1016949152543,463.5593220338983,1310.2881355932204,B,124.44,3926,1622,2304,1.4205,3926,3452,93,79,92,2,38,170,160,147,2018,1908,4,1399,55,1344,1170,174,Anchorage Municipality,0,0,R
14-940,Downtown Eagle River No. 2,14,364.93792793804016,667.8871366034348,251.22527780895723,780.2138848355596,B,0.85,2359,1622,737,0.4544,2359,1985,34,102,58,11,33,136,155,179,1176,1183,8,877,30,847,641,206,Anchorage Municipality,0,0,R
14-945,Meadow Creek No. 1,14,297.99865304748005,486.40442249410705,185.9958468963969,599.5399034684027,B,0.44,1630,1622,8,0.0049,1630,1391,40,82,25,7,5,80,85,137,839,791,3,568,16,552,456,96,Anchorage Municipality,0,0,R
14-960,Eagle River No. 2,14,490.70524189022336,868.0011224604333,350.25782916152207,987.4822090021327,B,0.62,3308,1622,1686,1.0395,3308,2835,83,82,92,3,35,178,222,151,1680,1628,0,1093,20,1073,876,197,Anchorage Municipality,0,0,R
14-955,Eagle River No. 1,14,192.82961050622964,361.65944550454594,145.9746323942081,401.2977887529465,B,0.52,1288,1622,-334,-0.2059,1288,1084,35,31,45,1,24,68,96,50,648,640,0,426,5,421,374,47,Anchorage Municipality,0,0,R
15-300,JBER No. 2,15,210.87533952014485,345.9517315527388,191.22476233589862,365.49219103666815,B,29.41,5937,1622,4315,2.6603,5937,4662,565,44,137,25,106,398,663,139,3208,2729,738,1455,7,1448,10,1438,Anchorage Municipality,0,0,R
15-305, Creekside Park,15,438.17247623358986,469.9796287913083,436.1792666364871,496.03304662743324,B,0.63,2920,1622,1298,0.8002,2920,1582,370,302,244,72,46,304,216,467,1486,1434,17,1080,39,1041,587,454,Anchorage Municipality,0,0,R
15-315,Muldoon No. 2,15,314.71174739701223,266.10491172476236,279.6767768220914,315.8798098687189,B,0.24,2634,1622,1012,0.6239,2634,1087,221,224,728,69,41,264,184,377,1312,1322,11,883,54,829,518,311,Anchorage Municipality,0,0,R
15-320, North Muldoon,15,354.8592123132639,301.181982797646,340.79855138071525,336.23811679492985,B,0.53,3368,1622,1746,1.0764,3368,1685,529,260,270,150,113,361,376,454,1707,1661,28,1280,57,1223,504,719,Anchorage Municipality,0,0,R
15-310,Muldoon No. 1,15,367.38122453598913,276.7817451335446,337.1206428248076,335.3568356722499,B,0.26,2813,1622,1191,0.7343,2813,1392,358,444,145,84,62,328,263,614,1375,1438,163,1215,105,1110,449,661,Anchorage Municipality,0,0,R
16-340, College Gate,16,428.9909019431652,322.18353364034596,407.6032797933281,339.9541727507582,B,0.28,1654,1622,32,0.0197,1654,1155,76,131,86,33,23,150,92,213,819,835,20,677,44,633,449,184,Anchorage Municipality,0,0,D
16-345, Chester Valley,16,291.6813433674042,294.477591822981,266.9321576996518,310.09861844322137,B,0.26,1765,1622,143,0.0882,1765,1135,134,179,83,31,37,166,116,258,882,883,15,695,19,676,459,217,Anchorage Municipality,0,0,D
16-335, Northeast Anchorage,16,338.2432887790632,257.6106930248231,327.7937773784118,273.1143434797259,B,0.4,2594,1622,972,0.5993,2594,1311,324,268,196,84,93,318,296,424,1313,1281,15,949,44,905,498,407,Anchorage Municipality,0,0,D
16-355, Wonder Park,16,432.6625856452881,312.97944513085474,471.6821296192295,295.2633943614512,B,0.52,2757,1622,1135,0.6998,2757,1294,302,279,215,227,93,347,255,441,1329,1428,12,1053,42,1011,443,568,Anchorage Municipality,0,0,D
16-325, Russian Jack,16,315.71200718858813,230.11827473885208,319.8618443221386,217.69751769066607,B,0.5,1796,1622,174,0.1073,1796,906,265,191,173,41,59,161,153,270,916,880,45,795,35,760,336,424,Anchorage Municipality,0,0,D
16-330, Nunaka Valley,16,562.0073009098057,366.247781646636,518.9356396720207,408.6664045827249,B,0.5,3399,1622,1777,1.0956,3399,1952,310,366,307,54,71,339,288,567,1734,1665,4,1362,49,1313,757,556,Anchorage Municipality,0,0,D
16-350, Reflection Lake,16,645.7025721666854,610.3826799955071,581.1911715152196,655.2055486914523,B,0.5,3841,1622,2219,1.3681,3841,2316,393,351,282,66,60,373,264,544,1959,1882,7,1533,65,1468,984,484,Anchorage Municipality,0,0,D
17-415, Far North Bicentennial,17,290.09675788054165,265.98038995336293,407.88312636961285,NA,D,0.74,2419,1622,797,0.4914,2419,1022,77,338,507,47,141,287,328,499,1244,1175,0,835,31,804,632,172,Anchorage Municipality,0,0,D
17-420,Tudor No. 1,17,728.535258751475,589.3293813564084,1000.3871439006574,NA,D,0.67,4907,1622,3285,2.0253,4907,3161,233,439,465,65,141,403,421,649,2527,2380,7,2162,56,2106,692,1414,Anchorage Municipality,0,0,D
17-400, Rogers Park,17,419.02978030005056,299.57700736079113,515.4704163623082,NA,D,0.36,1592,1622,-30,-0.0185,1592,1320,57,70,63,6,14,62,63,109,761,831,20,597,18,579,475,104,Anchorage Municipality,0,0,D
17-410,University No. 2,17,335.114176546609,233.8084508625049,408.2337472607743,NA,D,0.34,2007,1622,385,0.2374,2007,1215,140,261,128,50,36,177,103,364,1033,974,30,818,30,788,325,463,Anchorage Municipality,0,0,D
17-425,Tudor No. 2,17,413.8196325223352,271.8449176827555,528.4338933528122,NA,D,0.5,3118,1622,1496,0.9223,3118,1817,227,409,194,28,114,329,263,607,1583,1535,353,1447,98,1349,355,994,Anchorage Municipality,0,0,D
17-405,University No. 1,17,251.33522503792773,167.75552059335843,314.81227173119066,NA,D,1.56,1601,1622,-21,-0.0129,1601,1038,108,157,84,23,42,149,130,249,822,779,478,469,17,452,269,183,Anchorage Municipality,0,0,D
17-430, East Anchorage,17,274.0691689610609,191.70433219081866,372.77940102264427,NA,D,0.28,2153,1622,531,0.3274,2153,990,236,251,246,153,83,194,189,341,1035,1118,11,983,43,940,475,465,Anchorage Municipality,0,0,D
18-440,West Anchorage No. 2,18,245.21177126917712,138.0039051603905,209.16557880055788,NA,D,0.2,1414,1622,-208,-0.1282,1414,832,52,121,140,107,29,133,101,198,729,685,0,733,57,676,258,418,Anchorage Municipality,0,0,D
18-435,West Anchorage No. 1,18,281.5930822873082,202.8839609483961,277.8799442119944,NA,D,0.44,1004,1622,-618,-0.381,1004,849,13,34,37,2,25,44,59,53,515,489,7,426,12,414,364,50,Anchorage Municipality,0,0,D
18-480,Midtown No. 2,18,487.65924686192466,260.2518828451883,486.67983263598325,NA,D,0.45,1578,1622,-44,-0.0271,1578,1247,55,99,69,13,13,82,37,148,766,812,27,706,29,677,592,85,Anchorage Municipality,0,0,D
18-450, Willow Crest,18,342.1681450488145,202.0463040446304,326.36329149232915,NA,D,0.26,2426,1622,804,0.4957,2426,1231,103,364,304,46,94,284,234,547,1278,1148,0,1087,87,1000,293,707,Anchorage Municipality,0,0,D
18-445, Spenard,18,364.7018131101813,217.57880055788007,324.3411436541144,NA,D,0.31,1645,1622,23,0.0142,1645,1056,55,214,108,48,25,139,106,292,890,755,5,793,57,736,309,427,Anchorage Municipality,0,0,D
18-455,West Anchorage No. 3,18,395.74142259414225,192.14644351464435,367.6092050209205,NA,D,0.37,2835,1622,1213,0.7478,2835,1247,160,379,423,167,188,271,409,527,1598,1237,59,1442,79,1363,209,1154,Anchorage Municipality,0,0,D
18-465,Fireweed No. 2,18,284.7282566248257,129.3126917712692,275.8581311018131,NA,D,0.27,2086,1622,464,0.2861,2086,854,133,284,407,82,140,186,298,396,1118,968,68,1021,38,983,204,779,Anchorage Municipality,0,0,D
18-460,Fireweed No. 1,18,547.806750348675,268.01645746164576,524.2977963737796,NA,D,0.31,2374,1622,752,0.4636,2374,1535,105,224,197,26,81,206,208,364,1214,1160,1,1244,64,1180,413,767,Anchorage Municipality,0,0,D
18-470,Fireweed No. 3,18,165.95068340306835,91.65662482566248,157.44089260808926,NA,D,0.33,1144,1622,-478,-0.2947,1144,597,81,142,110,49,36,129,113,220,573,571,31,513,31,482,149,333,Anchorage Municipality,0,0,D
18-475,Midtown No. 1,18,222.43882845188284,211.10292887029289,241.3641841004184,NA,D,1.25,1419,1622,-203,-0.1252,1419,860,97,129,120,75,28,110,82,187,707,712,40,607,21,586,237,349,Anchorage Municipality,0,0,D
19-505,North Mt View No. 2,19,429.68624236943253,166.3788718064662,360.33761021930815,NA,D,0.73,4091,1622,2469,1.5222,4091,999,580,575,850,428,231,428,558,834,2069,2022,55,1381,98,1283,261,1022,Anchorage Municipality,0,0,D
19-515,South Mt View No. 2,19,194.78289622428215,118.5026565679403,184.44149898259099,NA,D,0.27,1677,1622,55,0.0339,1677,632,171,259,227,109,69,210,201,387,872,805,68,628,25,603,227,376,Anchorage Municipality,0,0,D
19-500,North Mt View No. 1,19,377.9004634863215,156.47778657020123,345.5210829753561,NA,D,0.18,3293,1622,1671,1.0302,3293,954,466,520,523,239,157,434,341,796,1717,1576,45,1154,98,1056,236,820,Anchorage Municipality,0,0,D
19-510,South Mt View No. 1,19,439.12802396563416,264.4008026226543,386.06743160750625,NA,D,0.45,3631,1622,2009,1.2386,3631,1256,372,413,788,209,199,394,506,658,1788,1843,37,1130,46,1084,535,549,Anchorage Municipality,0,0,D
19-520,Airport Heights No. 1,19,443.053018313362,202.19070766448112,392.2897354736604,NA,D,0.37,2566,1622,944,0.582,2566,1120,130,484,364,75,119,274,291,683,1294,1272,10,898,40,858,542,316,Anchorage Municipality,0,0,D
19-525,Airport Heights No. 2,19,628.4493556409677,256.0491747682568,614.3426407415781,NA,D,0.56,2434,1622,812,0.5006,2434,1382,146,241,218,97,100,250,214,398,1119,1315,101,884,30,854,674,180,Anchorage Municipality,0,0,D
20-560, Inlet View,20,428.9022463031945,195.18145388870076,460.9700304774805,NA,D,0.35,1201,1622,-421,-0.2596,1201,1077,5,29,32,0,10,48,45,55,584,617,5,596,41,555,366,189,Anchorage Municipality,0,0,D
20-535, Merrill Field,20,739.0079015690259,332.560390563269,819.2287504232984,NA,D,1.3,3913,1622,2291,1.4125,3913,1882,565,323,358,259,152,374,349,541,1868,2045,57,1925,96,1829,575,1254,Anchorage Municipality,0,0,D
20-570, Fairview,20,526.8199571057681,231.3382435940851,587.0377582119878,NA,D,1.19,3859,1622,2237,1.3792,3859,1513,519,859,244,226,122,376,358,1105,2398,1461,1150,1257,91,1166,172,994,Anchorage Municipality,0,0,D
20-555,Downtown Anch No. 4,20,531.2574782706852,228.753583925951,581.403995936336,NA,D,0.36,2596,1622,974,0.6005,2596,1604,178,342,139,58,44,231,201,507,1427,1169,179,1547,184,1363,243,1120,Anchorage Municipality,0,0,D
20-540,Downtown Anch No. 1,20,212.3504910260752,118.53589569928886,243.3967152048764,NA,D,2.1,819,1622,-803,-0.4951,819,699,8,28,35,0,13,36,40,43,429,390,0,629,81,548,209,339,Anchorage Municipality,0,0,D
20-565, Westchester,20,269.40952703465405,107.55852805057005,290.455807653234,NA,D,0.24,820,1622,-802,-0.4945,820,720,24,11,18,18,2,27,20,27,385,435,12,413,36,377,207,170,Anchorage Municipality,0,0,D
20-550,Downtown Anch No. 3,20,199.43955299695227,91.28801219099222,212.5250592617677,NA,D,0.52,1515,1622,-107,-0.066,1515,908,120,320,68,8,21,70,103,353,1005,510,545,740,68,672,88,584,Anchorage Municipality,0,0,D
20-545,Downtown Anch No. 2,20,321.4492606388983,146.79077774015127,359.5060954961057,NA,D,0.2,1007,1622,-615,-0.3792,1007,872,14,45,26,2,10,38,40,72,468,539,170,534,89,445,210,235,Anchorage Municipality,0,0,D
20-530, Government Hill,20,396.3635850547466,232.99311434699177,485.47578733491366,NA,D,3.02,1988,1622,366,0.2256,1988,1034,130,163,311,67,124,159,247,250,1001,987,13,999,51,948,150,798,Anchorage Municipality,0,0,D
21-620, Lake Spenard,21,389.7036617163587,328.58031969164495,345.68971771907945,376.5636549144088,B,1.21,2240,1622,618,0.381,2240,1608,67,170,166,44,39,146,145,247,1186,1054,14,1132,92,1040,432,608,Anchorage Municipality,0,0,D
21-630,Turnagain No. 2,21,346.3433851037297,227.17146582020177,316.481578052375,258.86101349053394,B,0.19,1825,1622,203,0.1252,1825,1157,77,179,155,36,27,194,137,292,940,885,2,930,57,873,307,566,Anchorage Municipality,0,0,D
21-610,Sand Lake No. 2,21,446.9146355288516,389.9479650833239,380.86509466046937,464.76680648452555,B,0.6,2508,1622,886,0.5462,2508,1530,80,260,205,75,64,294,217,430,1246,1262,10,914,29,885,438,447,Anchorage Municipality,0,0,D
21-635,Turnagain No. 3,21,618.9283527944677,398.1575218229226,528.3343158372066,501.0207459471715,B,1.14,2843,1622,1221,0.7528,2843,1677,82,229,517,36,57,245,163,355,1372,1471,0,1064,39,1025,729,296,Anchorage Municipality,0,0,D
21-625, Lake Hood,21,577.6477723614103,407.1438612402222,508.37297358576126,483.64471148395876,B,0.32,2406,1622,784,0.4834,2406,1496,90,159,359,44,90,168,228,237,1176,1230,28,940,27,913,737,176,Anchorage Municipality,0,0,D
21-605,Sand Lake No. 1,21,436.69175830404714,472.6009522729849,403.22469107810906,508.35982314930277,B,102.95,2168,1622,546,0.3366,2168,1606,48,168,112,60,23,151,120,254,1120,1048,47,886,32,854,639,215,Anchorage Municipality,0,0,D
21-615,Sand Lake No. 3,21,344.80569096474323,295.90346899444506,300.6756603559687,341.8822129010316,B,0.26,1597,1622,-25,-0.0154,1597,1132,64,112,119,21,13,136,71,194,812,785,6,650,30,620,415,205,Anchorage Municipality,0,0,D
21-600,Turnagain No. 1,21,638.9647432263915,395.4944450742546,580.3559687110305,449.901031629067,B,3.6,2055,1622,433,0.267,2055,1816,11,64,47,19,20,78,67,107,1006,1049,8,856,33,823,699,124,Anchorage Municipality,0,0,D
22-645, Kincaid,22,641.6781188397634,897.5052098000563,653.4595888482118,897.4024218529992,B,2.17,3215,1622,1593,0.9821,3054,2368,71,148,213,22,19,213,106,251,1512,1542,0,1025,28,997,924,73,Anchorage Municipality,0,0,R
22-670,Sand Lake No. 5,22,186.5927907631653,234.9540974373416,184.7074063644044,241.80568853843988,B,0.34,945,1622,-677,-0.4174,1106,872,14,56,83,2,6,73,47,104,570,536,0,405,5,400,336,64,Anchorage Municipality,0,0,R
22-660, Campbell Lake,22,560.8096874119966,588.8929315685723,524.1494226978316,627.4486060264715,B,6.35,2836,1622,1214,0.7485,2836,2207,69,161,145,37,20,197,113,249,1407,1429,13,1227,50,1177,886,291,Anchorage Municipality,0,0,R
22-665,Sand Lake No. 4,22,435.08532807659816,431.5511123627147,384.75218248380736,493.5967333145593,B,0.37,2270,1622,648,0.3995,2270,1686,58,168,112,50,15,181,127,280,1138,1132,15,846,32,814,544,270,Anchorage Municipality,0,0,R
22-640,Dimond No. 1,22,494.00794142495073,569.6552520416784,430.69574767671077,658.7921712193748,B,0.51,3481,1622,1859,1.1461,3481,2124,143,297,457,98,65,297,284,433,1710,1771,24,1229,36,1193,742,451,Anchorage Municipality,0,0,R
22-655,Jewel Lake No. 2,22,350.266910729372,394.46978315967334,315.3343846803717,430.86595325260487,B,0.44,2659,1622,1037,0.6393,2659,1532,131,255,315,88,63,275,229,406,1289,1370,39,990,39,951,441,510,Anchorage Municipality,0,0,R
22-650,Jewel Lake No. 1,22,375.5592227541538,352.9716136299634,322.90126724866235,423.08842579555056,B,0.36,2349,1622,727,0.4482,2349,1307,63,199,455,30,60,235,227,300,1160,1189,0,931,49,882,528,354,Anchorage Municipality,0,0,R
23-760,Campbell Creek No. 2,23,246.15340558144757,235.98427761244315,356.88792183727327,NA,D,0.68,1935,1622,313,0.193,1935,1235,124,111,194,57,50,164,151,204,987,948,5,963,48,915,454,461,Anchorage Municipality,0,0,D
23-740, Arctic,23,417.139086978494,343.4733000168454,544.2453815486551,NA,D,1.4,2491,1622,869,0.5358,2491,1581,92,287,167,69,81,214,232,426,1263,1228,161,956,51,905,543,362,Anchorage Municipality,0,0,D
23-745,Midtown No. 3,23,241.21225223201753,205.16272671121342,322.7600089842215,NA,D,0.94,2234,1622,612,0.3773,2234,1121,136,252,374,65,79,207,233,370,1151,1083,229,923,72,851,292,559,Anchorage Municipality,0,0,D
23-750, Taku,23,393.9311584030546,365.6805547756752,548.565669043742,NA,D,0.88,2743,1622,1121,0.6911,2743,1762,162,230,186,83,45,275,195,377,1344,1399,0,1154,45,1109,607,502,Anchorage Municipality,0,0,D
23-765,Campbell Creek No. 3,23,440.422370711438,431.8571508787692,655.4674041215115,NA,D,0.43,2316,1622,694,0.4279,2316,1595,98,144,179,51,46,203,148,260,1155,1161,4,964,37,927,678,249,Anchorage Municipality,0,0,D
23-735, Northwood,23,255.46695491043855,182.95799876466955,327.67201976528725,NA,D,0.36,1353,1622,-269,-0.1658,1353,774,43,128,186,67,27,128,80,202,691,662,9,587,45,542,241,301,Anchorage Municipality,0,0,D
23-770,Dimond No. 2,23,351.0631703071481,272.5484305688135,486.9523836262564,NA,D,1.1,2785,1622,1163,0.717,2785,1308,74,378,508,24,259,234,494,539,1403,1382,6,974,44,930,627,303,Anchorage Municipality,0,0,D
23-755,Campbell Creek No. 1,23,351.6116008759616,361.33556067157053,550.449211073053,NA,D,0.39,1952,1622,330,0.2035,1952,1202,83,228,143,28,111,157,218,302,990,962,8,718,23,695,492,203,Anchorage Municipality,0,0,D
24-725,Ocean View No. 2,24,465.1520732120664,662.6844989266749,421.0550220314089,693.1576658004745,B,12.11,2189,1622,567,0.3496,2189,1879,45,83,61,6,10,105,94,142,1120,1069,8,776,16,760,709,51,Anchorage Municipality,0,0,R
24-720,Ocean View No. 1,24,419.53937408202466,490.8609196700938,336.4863857191278,564.8526720144616,B,1.77,2648,1622,1026,0.6326,2648,1793,93,222,237,43,47,213,187,350,1323,1325,108,982,41,941,759,182,Anchorage Municipality,0,0,R
24-700,Huffman No. 1,24,441.9698339170715,528.6833126200429,353.92147779911875,606.498813693368,B,0.45,2492,1622,870,0.5364,2492,1799,64,199,96,16,58,260,188,362,1244,1248,9,940,35,905,603,302,Anchorage Municipality,0,0,R
24-730, Bayshore,24,622.4584792678793,781.8281550107332,474.3694497796859,882.7034233419953,B,4.83,3430,1622,1808,1.1147,3430,2477,112,160,402,26,51,202,164,241,1722,1708,21,1163,23,1140,1068,72,Anchorage Municipality,0,0,R
24-710, Klatt,24,485.3275336120212,618.8617105411818,373.5754152073212,724.625240085866,B,9.73,2446,1622,824,0.508,2446,1904,46,88,232,3,40,133,161,154,1202,1244,4,865,16,849,786,63,Anchorage Municipality,0,0,R
24-705,Huffman No. 2,24,367.2945429894927,411.95170037283924,284.99141339961585,475.46102135351936,B,0.84,2221,1622,599,0.3693,2221,1563,67,190,132,3,32,234,142,339,1058,1163,10,940,44,896,600,296,Anchorage Municipality,0,0,R
24-715, Southport,24,398.25816291944415,523.129702858434,315.6008360637216,577.7011637103152,B,1.14,2276,1622,654,0.4032,2276,1541,59,84,376,6,37,173,126,169,1119,1157,4,810,38,772,713,59,Anchorage Municipality,0,0,R
25-860,Lore No. 2,25,421.44002454809197,416.02287435840213,372.836755188574,470.63267127873246,B,0.72,2941,1622,1319,0.8132,2941,1770,138,261,266,57,103,346,272,463,1471,1470,25,1131,71,1060,529,531,Anchorage Municipality,0,0,R
25-870,East Dowling No. 2,25,476.363590716358,433.9822584244588,439.12173621959386,487.9970988618612,B,0.49,3271,1622,1649,1.0166,3271,1946,125,257,430,74,112,327,295,453,1611,1660,7,1169,31,1138,970,168,Anchorage Municipality,0,0,R
25-845,Elmore No. 1,25,634.0690136130328,591.4899575987503,559.0594733318455,679.9417540727516,B,0.5,3627,1622,2005,1.2361,3627,2241,152,389,308,102,83,352,256,603,1762,1865,13,1262,27,1235,952,283,Anchorage Municipality,0,0,R
25-840,East Dowling No. 1,25,137.9735550100424,105.72171390314662,125.85918321803169,119.98594063825038,B,0.37,1030,1622,-592,-0.365,1030,524,72,128,140,15,40,111,121,193,521,509,3,343,12,331,161,170,Anchorage Municipality,0,0,R
25-855,Lore No. 1,25,448.3813880830172,507.566168266012,395.76924793572863,573.6837759428699,B,5.68,2540,1622,918,0.566,2540,1699,83,195,294,23,59,187,199,288,1240,1300,23,895,37,858,739,119,Anchorage Municipality,0,0,R
25-865,Abbott No. 2,25,335.67646730640485,349.2536264226735,305.49241240794464,386.77103325150637,B,0.57,2051,1622,429,0.2645,2051,1179,128,133,360,12,37,202,147,224,1034,1017,20,671,23,648,552,96,Anchorage Municipality,0,0,R
25-850,Abbott No. 1,25,520.0959607230529,483.9634010265566,459.86119169828163,554.9877259540281,B,1.28,2464,1622,842,0.5191,2464,1912,64,124,201,1,32,130,146,184,1228,1236,21,805,10,795,763,32,Anchorage Municipality,0,0,R
26-800,Independence Park No. 1,26,447.9756966031764,541.7226586785735,340.74860114169445,631.1541287514837,B,0.45,3243,1622,1621,0.9994,3243,2052,150,213,429,18,133,248,304,331,1517,1726,9,1497,74,1423,831,592,Anchorage Municipality,0,0,R
26-825,Independence Park No. 2,26,412.1089696490137,425.12259085514046,313.3876674391002,520.1042785282315,B,0.3,3070,1622,1448,0.8927,3070,1669,124,418,365,28,142,324,300,628,1563,1507,0,1193,64,1129,790,339,Anchorage Municipality,0,0,R
26-805,O'Malley No. 1,26,362.76979596450576,499.36602046006897,269.1722150002826,576.0250381506811,B,1.28,1792,1622,170,0.1048,1792,1624,21,50,35,3,11,48,55,74,923,869,9,661,20,641,569,72,Anchorage Municipality,0,0,R
26-810,Huffman No. 3,26,261.93777200022606,484.05499350025434,170.32374385350138,554.4202226869384,B,1.09,1679,1622,57,0.0351,1679,1301,36,84,149,4,19,86,57,124,852,827,5,585,25,560,481,79,Anchorage Municipality,0,0,R
26-815,Huffman No. 4,26,434.06714519866614,651.5755383484994,316.4899112643418,738.0206861470638,B,0.85,2479,1622,857,0.5284,2479,2042,45,73,175,4,24,116,92,148,1245,1234,13,832,26,806,694,112,Anchorage Municipality,0,0,R
26-835,O'Malley No. 3,26,238.12784717119763,222.39382806759735,184.15503306392358,269.46362968405583,B,0.19,1950,1622,328,0.2022,1950,1087,141,194,187,37,48,256,189,334,952,998,0,831,44,787,263,524,Anchorage Municipality,0,0,R
26-830,Elmore No. 2,26,197.86203583338045,274.46979031255296,146.40077996947946,307.2958797264455,B,1.7,1087,1622,-535,-0.3298,1087,901,27,55,26,1,7,70,44,85,586,501,44,360,3,357,324,33,Anchorage Municipality,0,0,R
26-820,O'Malley No. 2,26,524.1507375798338,650.2945797773131,373.32204826767645,746.5161363251003,B,1.97,2393,1622,771,0.4753,2393,2147,25,64,42,4,26,85,78,93,1212,1181,4,866,28,838,780,58,Anchorage Municipality,0,0,R
27-900, Cheney Lake,27,626.2654146396651,620.2210657314176,503.55074103405366,766.0345061658559,B,0.57,2914,1622,1292,0.7965,2914,2078,191,185,167,36,33,224,150,304,1389,1525,23,1027,21,1006,803,203,Anchorage Municipality,0,0,R
27-920,Chugach Ft. Hills No. 2,27,529.0303767394502,436.55215522117885,422.8366896707772,554.0634121506957,B,0.28,2515,1622,893,0.5506,2515,1707,220,176,119,10,43,240,200,299,1207,1308,31,916,27,889,767,122,Anchorage Municipality,0,0,R
27-925, Scenic Park,27,391.605724629483,416.48319945695215,290.67462382622466,530.2458422898518,B,0.47,1692,1622,70,0.0432,1692,1207,79,106,93,29,33,145,76,177,850,842,13,606,14,592,503,89,Anchorage Municipality,0,0,R
27-915,Chugach Ft. Hills No. 1,27,301.2969792963005,277.67190858694426,232.89501074782214,352.05011879171855,B,0.24,1972,1622,350,0.2158,1972,1104,234,95,149,80,49,261,184,191,983,989,21,647,17,630,389,241,Anchorage Municipality,0,0,R
27-910,Muldoon No. 4,27,575.2858355017536,462.19374363615793,428.56199796357055,636.9747143342007,B,0.48,3255,1622,1633,1.0068,3255,1753,331,397,277,90,62,345,225,594,1625,1630,25,1217,51,1166,878,288,Anchorage Municipality,0,0,R
27-905,Muldoon No. 3,27,310.3878266772259,340.20963909944567,247.4270845118226,411.2993551306709,B,0.41,1922,1622,300,0.185,1922,1178,173,139,93,89,26,224,142,263,908,1014,5,797,43,754,508,246,Anchorage Municipality,0,0,R
27-930, Baxter,27,708.6255232492364,575.7946600294151,560.1342912094128,722.1158502092997,B,0.5,3002,1622,1380,0.8508,3002,2108,207,148,151,87,50,251,173,271,1419,1583,19,1277,36,1241,980,261,Anchorage Municipality,0,0,R
27-935, Stuckagain Heights,27,139.5023192668854,105.87362823848852,128.91956103631634,116.21620092770675,B,3.94,406,1622,-1216,-0.7497,406,379,2,9,6,0,0,10,1,11,216,190,0,158,4,154,147,7,Anchorage Municipality,0,0,R
28-130, Indian,28,85.1742040724491,66.86961412982338,69.44751940600743,84.26043424457194,B,127.18,317,1622,-1305,-0.8046,317,295,0,13,2,0,3,4,4,16,182,135,0,199,45,154,107,47,Anchorage Municipality,0,0,R
28-145,O'Malley No. 4,28,458.5777927775903,490.408032399595,370.0516368545393,560.0685116436044,B,1.99,1746,1622,124,0.0764,1746,1589,18,49,37,1,5,47,30,82,884,862,0,691,32,659,631,28,Anchorage Municipality,0,0,R
28-140, Golden View,28,647.6994037574531,876.6973787827652,474.1974350320621,1000.6933288333896,B,5.43,3190,1622,1568,0.9667,3190,2703,67,86,141,3,30,160,124,163,1630,1560,0,1072,34,1038,980,58,Anchorage Municipality,0,0,R
28-125, Bear Valley,28,334.9092136348296,350.88390145123185,280.96793790077623,398.83327708403647,B,59.93,1356,1622,-266,-0.164,1356,1230,7,25,40,3,6,45,49,44,705,651,0,567,33,534,463,71,Anchorage Municipality,0,0,R
28-110,Rabbit Creek No. 2,28,631.3128023399707,832.4223197210035,463.57205534930813,962.641354483069,B,6.26,2785,1622,1163,0.717,2785,2480,20,99,62,1,28,95,84,150,1407,1378,20,1058,43,1015,921,94,Anchorage Municipality,0,0,R
28-115,Huffman No. 6,28,366.858195522556,616.4803689953876,266.08808639892004,671.7247159410507,B,0.66,2107,1622,485,0.299,2107,1796,40,59,93,2,22,95,103,101,1079,1028,13,690,10,680,644,36,Anchorage Municipality,0,0,R
28-105,Rabbit Creek No. 1,28,421.20452244346944,569.521768477894,338.06851164360444,620.1562605467432,B,0.4,1968,1622,346,0.2133,1968,1646,44,86,58,8,13,113,80,148,994,974,0,668,10,658,624,34,Anchorage Municipality,0,0,R
28-120,Huffman No. 7,28,454.41691978850264,603.9272134098323,386.246371920351,645.9478006524919,B,1.84,2056,1622,434,0.2676,2056,1807,25,100,28,0,7,89,45,145,1056,1000,6,740,20,720,672,48,Anchorage Municipality,0,0,R
28-135, Girdwood,28,654.8469456631792,297.7894026324671,536.3604454944314,396.6743165710429,B,471.26,2253,1622,631,0.389,2253,2055,5,41,64,2,18,68,88,77,1242,1011,4,1660,614,1046,591,455,Anchorage Municipality,0,0,R
29-160, Salamatof,29,320.68612004881834,915.6179962276711,227.93808942638412,1039.036835681793,B,1051.73,3204,1622,1582,0.9753,3250,2658,10,374,30,9,18,151,95,507,1868,1382,473,1220,160,1060,846,214,Kenai Peninsula Borough,0,0,R
29-115,Funny River No. 1,29,110.2240097636747,289.5992455342283,76.61788527682236,323.36713635859314,B,28.8,877,1622,-745,-0.4593,805,736,1,35,4,2,2,25,15,49,438,367,0,944,584,360,327,33,Kenai Peninsula Borough,0,0,R
29-170, Seward-Lowell Point,29,411.3753467214024,525.9050260734494,319.8396760235216,614.9806945523134,B,33.31,2773,1622,1151,0.7096,2773,1921,83,454,64,17,16,218,98,619,1728,1045,711,1195,231,964,485,479,Kenai Peninsula Borough,0,0,R
29-150, Nikiski,29,270.1973815599689,756.2932430933097,202.93076667036502,833.4497947409297,B,571.39,2420,1622,798,0.492,2374,1979,4,199,41,13,10,128,56,305,1237,1137,8,1328,418,910,732,178,Kenai Peninsula Borough,0,0,R
29-180,Sterling No. 1,29,217.32109175635193,644.0065461000777,144.72717186286474,707.9616110063242,B,15.78,2199,1622,577,0.3557,2199,2007,2,71,19,1,12,87,66,128,1148,1051,7,1121,272,849,728,121,Kenai Peninsula Borough,0,0,R
29-100, Bear Creek,29,344.56118939309886,433.999001442361,269.9060246310884,496.63297459225566,B,93.35,1956,1622,334,0.2059,1956,1582,12,210,31,4,6,111,36,302,1051,905,0,1020,185,835,630,205,Kenai Peninsula Borough,0,0,R
29-110, Cooper Landing,29,65.2099190058804,99.77898590924221,49.53345168090536,111.43170975257961,B,264.04,304,1622,-1318,-0.8126,321,302,0,9,2,1,0,7,0,14,171,150,8,406,236,170,124,46,Kenai Peninsula Borough,0,0,R
29-120, Hope,29,48.43448352379896,45.42627316098968,36.89481859536225,51.56795739487407,B,397.74,210,1622,-1412,-0.8705,210,186,0,8,2,1,0,13,6,14,112,98,0,226,119,107,83,24,Kenai Peninsula Borough,0,0,R
29-130, Mackey Lake,29,151.49872406523912,384.189504049706,107.38999223344058,437.431044047487,B,14.89,1332,1622,-290,-0.1788,1329,1186,5,66,6,7,3,56,27,101,700,629,0,663,155,508,421,87,Kenai Peninsula Borough,0,0,R
29-190,Sterling No. 2,29,271.22933540441585,716.460446022412,186.55530899811384,817.3506046821258,B,551.59,2371,1622,749,0.4618,2443,2171,2,122,19,1,19,109,60,198,1289,1154,12,1840,804,1036,847,189,Kenai Peninsula Borough,0,0,R
29-140, Moose Pass,29,79.2623987573505,83.72373238655275,62.6668146011317,99.7896371907245,B,828.25,380,1622,-1242,-0.7657,363,333,6,6,4,2,0,12,9,18,190,173,12,242,89,153,111,42,Kenai Peninsula Borough,0,0,R
30-230,Kenai No. 2,30,236.5854836024638,459.46462460462794,205.57971255757172,509.8811386715498,B,13.84,1937,1622,315,0.1942,1937,1567,8,141,40,5,20,156,82,265,975,962,0,825,80,745,485,260,Kenai Peninsula Borough,0,0,R
30-200, Central,30,237.359580489429,679.7294822706842,230.94289995005826,716.091060429499,B,15.93,2445,1622,823,0.5074,2591,2235,14,128,26,3,17,168,114,236,1321,1270,3,1219,224,995,766,229,Kenai Peninsula Borough,0,0,R
30-210, K-Beach,30,381.8490094889296,977.0001664724488,329.8929582154153,1037.520559347428,B,15.68,3270,1622,1648,1.016,3124,2653,12,183,32,11,35,198,110,332,1593,1531,22,1449,251,1198,1034,164,Kenai Peninsula Borough,0,0,R
30-250, Soldotna,30,631.3975362077576,1382.395372065923,546.4424282781199,1524.3284501415017,B,16.58,5206,1622,3584,2.2096,5209,4505,12,218,83,13,41,337,184,441,2530,2679,87,2489,380,2109,1321,788,Kenai Peninsula Borough,0,0,R
30-220,Kenai No. 1,30,432.60346262693525,832.2010987181621,403.6935242217413,882.8356916930247,B,118.33,3561,1622,1939,1.1954,3561,2746,38,370,51,15,34,307,178,602,1765,1796,54,1587,165,1422,739,683,Kenai Peninsula Borough,0,0,R
30-240,Kenai No. 3,30,209.20492758448478,476.20925586815383,181.4484767770934,518.3430997169968,B,11.38,1602,1622,-20,-0.0123,1602,1357,3,121,13,1,7,100,57,207,783,819,0,754,112,642,459,183,Kenai Peninsula Borough,0,0,R
31-350,Homer No. 1,31,642.600856936175,604.115296867175,NA,1086.1261476823772,R,19.24,2718,1622,1096,0.6757,2718,2419,9,131,28,1,19,111,73,214,1322,1396,44,1485,222,1263,726,537,Kenai Peninsula Borough,0,0,R
31-380, Kasilof,31,541.4335318012353,713.8751878025708,NA,1071.4556229480831,R,470.19,2730,1622,1108,0.6831,2730,2424,7,133,12,3,20,131,63,243,1481,1249,1,1703,496,1207,1041,166,Kenai Peninsula Borough,0,0,R
31-360,Homer No. 2,31,471.55517222191304,476.6958989483056,NA,836.1542485114908,R,23.31,2285,1622,663,0.4088,2285,2051,10,75,20,4,11,114,31,160,1152,1133,27,1207,235,972,629,343,Kenai Peninsula Borough,0,0,R
31-340,Funny River No. 2,31,318.5143286405876,544.7460352790607,NA,713.4924044293584,R,1148.47,2270,1622,648,0.3995,2270,2049,1,86,17,0,11,106,71,176,1186,1084,75,974,153,821,672,149,Kenai Peninsula Borough,0,0,R
31-370, Kachemak/Fritz Creek,31,531.0075121028324,389.55617383562407,NA,798.1707751377219,R,62.72,1888,1622,266,0.164,1898,1701,10,62,20,3,13,89,57,118,953,945,3,1102,228,874,667,207,Kenai Peninsula Borough,0,0,R
31-320, Fox River,31,165.00617661788436,197.0128540426242,NA,325.740415113238,R,783.74,1153,1622,-469,-0.2891,1153,1112,0,8,9,0,2,22,3,28,610,543,0,548,206,342,267,75,Kenai Peninsula Borough,0,0,R
31-310, Diamond Ridge,31,344.45940682210227,233.9020087919426,NA,489.0438484224584,R,51.7,1246,1622,-376,-0.2318,1236,1133,1,41,15,0,2,44,25,64,657,579,0,692,169,523,434,89,Kenai Peninsula Borough,0,0,R
31-300, Anchor Point,31,353.0163040454065,608.466362472873,NA,872.5039786322409,R,348.06,2234,1622,612,0.3773,2234,2017,5,85,19,1,8,99,56,158,1180,1054,0,1387,447,940,777,163,Kenai Peninsula Borough,0,0,R
31-390, Ninilchik,31,260.40671081186355,373.63018195982414,NA,570.3125591230315,R,758.82,1447,1622,-175,-0.1079,1447,1187,3,170,5,1,7,74,35,233,770,677,0,1500,829,671,558,113,Kenai Peninsula Borough,0,0,R
32-845, Port Lions,32,41.264866958012945,44.5679039663661,32.33523261603142,55.902417436521546,B,2471.04,326,1622,-1296,-0.799,326,185,0,120,7,0,0,14,9,132,177,149,9,212,94,118,75,43,Kodiak Island Borough,0,0,R
32-810, Flats,32,245.5711124633512,246.35736018144604,220.4546661503568,286.73695856613375,B,331.3,2047,1622,425,0.262,2047,1757,36,46,25,4,20,159,137,133,1112,935,131,687,57,630,236,394,Kodiak Island Borough,0,0,R
32-860, Yakutat,32,193.9673065220999,104.45997676605631,166.04884660065275,124.16993970238424,B,5887.72,662,1622,-960,-0.5919,662,281,2,237,27,12,1,102,17,330,360,302,18,446,176,270,153,117,Yakutat City and Borough,0,0,R
32-815, Kodiak Island South,32,15.5017425457764,20.780051999778724,12.081152846158101,30.762515904187644,B,8613.27,240,1622,-1382,-0.852,240,66,2,138,1,0,0,33,8,170,129,111,13,242,161,81,54,27,Kodiak Island Borough,0,0,R
32-830, Mission Road,32,751.337666648227,839.2678541793439,572.7256181888588,1060.9808596559164,B,112.61,4327,1622,2705,1.6677,4327,2880,23,555,331,20,97,421,257,854,2271,2056,39,1663,105,1558,1113,445,Kodiak Island Borough,0,0,R
32-850, Tatitlek,32,22.838966642695137,8.548210433147094,19.6433036455164,13.375117552691265,B,15802.49,202,1622,-1420,-0.8755,202,87,0,101,1,1,1,11,5,112,98,104,0,298,213,85,46,39,Anchorage Municipality,0,0,R
32-825,Kodiak No. 2,32,435.67959285279636,388.2202799137025,359.64961000165954,487.3812026331803,B,2.08,3215,1622,1593,0.9821,3215,1122,14,252,1452,24,177,174,333,356,1667,1548,46,1017,52,965,540,425,Kodiak Island Borough,0,0,R
32-835, Old Harbor,32,49.53908281241357,20.066880566465674,25.248713835260276,51.95928527963711,B,26.37,218,1622,-1404,-0.8656,218,24,0,191,0,0,0,3,3,194,123,95,0,105,21,84,70,14,Kodiak Island Borough,0,0,R
32-840, Ouzinkie,32,47.65752060629529,17.672954583171986,37.62167395032362,34.38933451347015,B,41.86,175,1622,-1447,-0.8921,175,25,0,134,1,0,0,15,3,146,94,81,0,113,49,64,47,17,Kodiak Island Borough,0,0,R
32-855, Tyonek,32,75.18083752835093,27.063174199258725,60.42186203462964,40.354428279028596,B,12710.49,804,1622,-818,-0.5043,804,233,6,491,2,0,3,69,18,559,517,287,175,548,329,219,139,80,Kenai Peninsula Borough,0,0,R
32-847, Seldovia/Kachemak Bay,32,102.29169663107817,89.73695856613377,85.87044310449743,106.10305913591857,B,4194.1,578,1622,-1044,-0.6437,578,407,5,84,17,0,0,65,16,138,311,267,0,904,638,266,198,68,Kenai Peninsula Borough,0,0,R
32-820,Kodiak No. 1,32,435.5524146705759,402.4952149139791,337.29816894396197,528.4280577529457,B,2.93,2915,1622,1293,0.7972,2915,1347,16,355,842,39,103,213,243,492,1554,1361,98,1161,87,1074,466,608,Kodiak Island Borough,0,0,R
32-805, Cordova,32,472.9725064999723,348.58140178126905,596.7195884272833,266.7469712894839,B,75.22,2239,1622,617,0.3804,2239,1573,10,198,244,1,12,201,94,344,1199,1040,18,1100,178,922,573,349,Valdez-Cordova Census Area,0,0,R
32-800, Chiniak,32,21.644686618354815,18.181777949881067,13.881119654809979,29.709852298500856,B,359.13,129,1622,-1493,-0.9205,129,116,1,6,1,0,0,5,3,11,70,59,0,103,47,56,47,9,Kodiak Island Borough,0,0,R
33-515,Juneau No. 2,33,1001.1328607882053,209.3435781117097,1031.3064927700595,170.6713354125319,B,3.08,2538,1622,916,0.5647,2538,1973,27,209,130,3,27,169,115,313,1243,1295,2,1398,118,1280,651,629,Juneau City and Borough,0,0,D
33-555, Klukwan,33,39.65154522256876,9.194499574709385,44.8077686419053,8.682733201020698,B,1.88,95,1622,-1527,-0.9414,95,8,0,76,1,0,0,10,2,86,51,44,0,70,29,41,32,9,Hoonah-Angoon Census Area,0,0,D
33-540, Skagway,33,308.15469237312163,159.550269350723,347.74652679330876,125.33563935355826,B,461.48,968,1622,-654,-0.4032,968,885,0,34,5,1,4,39,21,52,500,468,32,636,200,436,241,195,Skagway Municipality,0,0,D
33-530, North Douglas,33,614.4546073149986,223.40011341083073,651.2616954919195,181.204479727814,B,239.34,1707,1622,85,0.0524,1707,1434,8,130,32,1,9,93,49,204,907,800,6,798,129,669,481,188,Juneau City and Borough,0,0,D
33-545,Haines No. 1,33,615.7805500425291,423.59767507796994,715.1352424156507,345.60816557981286,B,2071.94,2040,1622,418,0.2577,2040,1686,10,206,10,0,17,111,35,297,1024,1016,0,1243,300,943,670,273,Haines Borough,0,0,D
33-505, Gustavus,33,160.25245250921463,77.86282960022682,174.97930252339097,68.48176920895946,B,4278.86,442,1622,-1180,-0.7275,442,404,0,12,5,1,1,19,7,30,224,218,0,490,278,212,179,33,Hoonah-Angoon Census Area,0,0,D
33-520,Juneau No. 3,33,395.5646725262263,167.3018996314148,448.63339948965125,112.52503544088461,B,25.37,1258,1622,-364,-0.2244,1258,932,7,156,64,11,4,84,45,207,606,652,79,553,32,521,310,211,Juneau City and Borough,0,0,D
33-525, Lemon Creek,33,683.5396654380493,386.55605330309044,739.0929968812022,329.3641054720726,B,9.64,3377,1622,1755,1.082,3377,1436,29,841,536,16,72,447,258,1219,1813,1564,346,1122,55,1067,648,419,Juneau City and Borough,0,0,D
33-510,Juneau No. 1,33,752.1469237312164,290.30269350722995,806.4652679330876,222.15639353558265,B,1999.59,2626,1622,1004,0.619,2626,1827,37,415,76,17,37,217,121,589,1337,1289,88,1411,151,1260,525,735,Juneau City and Borough,0,0,D
33-500, Douglas,33,716.701786220584,267.15327473773743,758.1814573291749,218.75435214062944,B,199.45,2116,1622,494,0.3046,2116,1533,18,284,59,14,31,177,112,434,1054,1062,0,1080,119,961,429,532,Juneau City and Borough,0,0,D
33-550,Haines No. 2,33,94.62024383328608,58.73711369435781,103.38984973064927,50.21599092713354,B,638.88,468,1622,-1154,-0.7115,468,400,0,24,4,0,4,36,12,54,250,218,0,388,182,206,152,54,Haines Borough,0,0,D
34-460,Mendenhall Valley No. 4,34,648.5779941136518,574.3257867330767,444.99128367670363,820.0166968530677,B,33.87,3481,1622,1859,1.1461,3481,2476,25,412,126,23,29,390,153,725,1769,1712,10,1276,47,1229,893,336,Juneau City and Borough,0,0,R
34-450,Mendenhall Valley No. 3,34,462.23884989812086,472.8075616934571,331.52773375594296,653.3007697532262,B,0.48,2634,1622,1012,0.6239,2634,1934,14,199,195,6,25,261,132,393,1320,1314,0,921,22,899,748,151,Juneau City and Borough,0,0,R
34-400, Auke Bay,34,454.34412497170024,361.39098935929366,332.64659270998413,500.72243604256283,B,28.59,2204,1622,582,0.3588,2388,2041,11,97,39,3,23,174,87,240,1229,1159,235,965,52,913,633,280,Juneau City and Borough,0,0,R
34-440,Mendenhall Valley No. 2,34,513.4724926420647,462.65723341634595,352.61410459587955,668.0833710663346,B,2.03,3247,1622,1625,1.0018,3247,2156,38,354,237,59,36,367,206,634,1655,1592,0,1167,43,1124,788,336,Juneau City and Borough,0,0,R
34-420, Lynn Canal,34,362.8317862802807,271.7516413855558,281.068145800317,359.8369934344578,B,862.25,1352,1622,-270,-0.1665,1352,1188,4,32,21,0,15,92,42,99,687,665,34,661,114,547,444,103,Juneau City and Borough,0,0,R
34-410, Juneau Airport,34,327.2506225945212,286.23409553995924,237.96038034865293,398.90706361784015,B,5.07,1826,1622,204,0.1258,1681,1126,22,199,124,23,29,158,74,312,867,814,81,664,22,642,374,268,Juneau City and Borough,0,0,R
34-430,Mendenhall Valley No. 1,34,426.2841294996604,391.83269187231156,294.1917591125198,550.1326692325108,B,0.92,2924,1622,1302,0.8027,2885,1770,39,367,280,42,49,338,194,639,1472,1413,6,1126,46,1080,671,409,Juneau City and Borough,0,0,R
35-780, Thorne Bay,35,77.0403366058906,158.93245441795233,94.85683029453016,157.3106311360449,B,787.85,652,1622,-970,-0.598,652,599,1,17,4,3,2,26,9,36,381,271,4,502,209,293,213,80,Prince of Wales-Hyder Census Area,0,0,D
35-750, Pelican-Elfin Cove,35,24.5890603085554,33.79523141654979,39.453015427769984,30.604488078541372,B,546.5,200,1622,-1422,-0.8767,200,143,0,40,1,0,2,14,6,53,120,80,0,201,110,91,68,23,Haines Borough,0,0,D
35-705, Craig,35,272.0331556802244,225.38676016830294,304.4177840112202,219.97716690042074,B,20.11,1478,1622,-144,-0.0888,1478,979,4,276,9,2,5,203,49,455,811,667,13,688,117,571,384,187,Prince of Wales-Hyder Census Area,0,0,D
35-740, Klawock,35,216.25884992987378,144.2174474053296,238.98249649368864,133.39534361851332,B,1048.31,862,1622,-760,-0.4686,862,392,2,369,4,1,4,90,21,450,452,410,0,444,101,343,218,125,Prince of Wales-Hyder Census Area,0,0,D
35-755, Petersburg-Kupreanof,35,668.6138008415147,663.870631136045,657.4500420757363,749.8158765778401,B,3920.49,3203,1622,1581,0.9747,3203,2569,14,228,98,6,35,253,119,430,1650,1553,43,1632,268,1364,935,429,Northwest Arctic Borough,0,0,D
35-730, Kake,35,158.3123141654979,76.47562412342216,178.73570827489482,79.94058906030855,B,3498.27,561,1622,-1061,-0.6541,561,95,1,385,0,1,7,72,10,453,304,257,0,308,94,214,149,65,Petersburg Census Area,0,0,D
35-745, North Prince of Wales,35,57.84319775596073,70.99831697054698,66.95988779803648,66.53099579242637,B,1514.1,490,1622,-1132,-0.6979,490,438,1,24,1,3,0,23,8,38,297,193,0,462,216,246,200,46,Prince of Wales-Hyder Census Area,0,0,D
35-775, Tenakee Springs,35,31.37172510518934,19.51382889200561,39.94625525946704,20.386984572230013,B,475.1,133,1622,-1489,-0.918,133,126,1,1,1,0,0,4,2,5,69,64,0,182,109,73,60,13,Hoonah-Angoon Census Area,0,0,D
35-735, Kasaan,35,10.084319775596073,11.3998316970547,19.295988779803647,7.353099579242636,B,41.48,49,1622,-1573,-0.9698,49,26,0,17,1,0,0,5,0,22,29,20,0,48,25,23,15,8,Prince of Wales-Hyder Census Area,0,0,D
35-760, Port Alexander,35,16.273155680224406,7.546760168302946,20.497784011220197,4.4971669004207575,B,14.94,52,1622,-1570,-0.9679,52,47,0,2,2,0,0,1,1,3,29,23,0,64,42,22,13,9,Petersburg Census Area,0,0,D
35-770,Sitka No. 2,35,1156.7217952314165,669.8664235624124,1238.8497615708275,680.643366058906,B,8.04,4428,1622,2806,1.73,4229,2792,28,648,332,7,42,380,209,943,2065,2164,163,1981,248,1733,954,779,Sitka City and Borough,0,0,D
35-700, Angoon,35,169.14367461430575,51.67596072931276,180.14373071528752,59.23438990182328,B,2730.89,463,1622,-1159,-0.7146,463,49,4,348,0,0,2,60,36,408,266,197,0,288,120,168,86,82,Hoonah-Angoon Census Area,0,0,D
35-765,Sitka No. 1,35,1071.295427769986,776.0908274894811,1208.5313884992988,753.8439270687237,B,4779.33,4453,1622,2831,1.7454,4652,3006,19,845,197,23,71,491,228,1241,2416,2236,92,2121,309,1812,1096,716,Sitka City and Borough,0,0,D
35-720, Hoonah,35,262.41918653576437,164.22990182328192,283.8793267882188,166.4659747545582,B,873.97,801,1622,-821,-0.5062,801,272,3,409,4,0,1,112,24,519,425,376,0,443,121,322,193,129,Hoonah-Angoon Census Area,0,0,D
36-620,Ketchikan No. 3,36,278.09365558912384,437.36858006042297,NA,389.9531722054381,R,2.26,2151,1622,529,0.3261,2151,1471,10,273,159,8,16,214,72,444,1095,1056,0,909,49,860,479,381,Ketchikan Gateway Borough,0,0,I
36-610,Ketchikan No. 2,36,477.7579724739845,555.2087948976166,NA,475.5099026518966,R,1.04,3058,1622,1436,0.8853,3058,1738,27,414,550,14,17,298,149,636,1536,1522,68,1428,215,1213,695,518,Ketchikan Gateway Borough,0,0,I
36-670, South Tongass,36,306.19603893924136,459.9973145350789,NA,405.79086941926823,R,5200.06,2068,1622,446,0.275,2100,1676,4,190,42,1,18,169,78,323,1091,1009,37,1022,218,804,537,267,Ketchikan Gateway Borough,0,0,I
36-640,North Tongass No. 1,36,143.07552870090635,259.1359516616314,NA,257.4622356495468,R,59.82,1062,1622,-560,-0.3453,1062,915,1,53,8,1,14,70,44,104,553,509,8,471,49,422,285,137,Ketchikan Gateway Borough,0,0,I
36-690, Wrangell,36,322.7042631755623,534.2232292715677,NA,561.25897952333,R,3445.43,2369,1622,747,0.4605,2369,1719,4,384,33,1,5,223,37,582,1242,1127,19,1428,375,1053,699,354,Wrangell City and Borough,0,0,I
36-650,North Tongass No. 2,36,321.879489761665,539.1386371265526,NA,510.17136623027864,R,1560.74,1973,1622,351,0.2164,1973,1683,7,116,23,3,3,138,51,227,1028,945,0,904,156,748,558,190,Ketchikan Gateway Borough,0,0,I
36-660, Saxman,36,76.3484390735146,59.69385699899295,NA,56.65911379657603,R,0.97,411,1622,-1211,-0.7466,411,125,3,208,2,0,4,69,17,276,233,178,40,128,8,120,81,39,Ketchikan Gateway Borough,0,0,I
36-600,Ketchikan No. 1,36,408.1822759315206,354.39476334340384,NA,323.242195367573,R,2.57,2841,1622,1219,0.7515,2809,1647,26,657,159,1,23,296,129,896,1426,1383,93,1394,208,1186,475,711,Ketchikan Gateway Borough,0,0,I
36-675, Hydaburg,36,96.79221215172876,32.537092984222895,NA,48.32611614635783,R,3817.09,481,1622,-1141,-0.7035,481,141,3,293,0,1,4,39,12,330,288,193,33,214,53,161,117,44,Prince of Wales-Hyder Census Area,0,0,I
36-680, Metlakatla,36,335.9701242027526,197.30177912051025,NA,239.6260490097348,R,214.3,1460,1622,-162,-0.0999,1460,145,6,1210,2,10,3,84,26,1294,761,699,0,544,35,509,337,172,Ketchikan Gateway Borough,0,0,I
37-750, St. George Island,37,26.50137551581843,7.063617606602476,32.47180192572215,NA,D,181.42,102,1622,-1520,-0.9371,102,10,0,90,0,0,0,2,1,92,59,43,4,61,19,42,22,20,Aleutians West Census Area,0,0,D
37-700, Akutan,37,85.32267308574049,47.77779688216415,117.09353507565336,NA,D,1084.14,1027,1622,-595,-0.3668,1027,239,184,56,445,15,40,48,214,76,790,237,937,49,9,40,13,27,Aleutians East Borough,0,0,D
37-754, Togiak,37,195.36497019715728,50.04653828519028,240.85144429160937,NA,D,4857.73,892,1622,-730,-0.4501,892,48,2,707,0,1,2,132,15,839,465,427,0,452,191,261,176,85,Dillingham Census Area,0,0,D
37-726,Lake Iliamna No. 1,37,64.19520861989913,35.04923200366804,80.03988995873453,NA,D,341.81,299,1622,-1323,-0.8157,299,50,1,211,0,0,0,37,9,246,143,156,0,112,23,89,58,31,Kodiak Island Borough,0,0,D
37-744, Sand Point,37,126.58745988078863,93.89918615314076,203.41540577716643,NA,D,5457.26,1033,1622,-589,-0.3631,1033,182,24,420,340,2,13,52,61,457,641,392,350,332,61,271,163,108,Aleutians East Borough,0,0,D
37-736, New Stuyahok,37,149.50687757909216,19.31808803301238,162.35900962861072,NA,D,1609.8,510,1622,-1112,-0.6856,510,18,0,477,0,1,0,14,6,491,281,229,0,138,24,114,76,38,Dillingham Census Area,0,0,D
37-734, Naknek,37,112.00733608436497,80.00596056854654,169.18294360385144,NA,D,347.25,544,1622,-1078,-0.6646,544,242,0,165,2,2,2,131,14,283,284,260,0,492,261,231,137,94,Bristol Bay Borough,0,0,D
37-718, Ekwok,37,19.075080238422743,3.3266276937184776,22.169188445667125,NA,D,495.73,115,1622,-1507,-0.9291,115,6,0,104,0,0,0,5,3,109,61,54,0,61,24,37,28,9,Dillingham Census Area,0,0,D
37-306, McGrath,37,74.32851902796882,66.48567171022466,106.84869325997249,NA,D,13972.26,370,1622,-1252,-0.7719,374,161,0,135,2,3,1,72,9,203,196,178,0,350,189,161,99,62,Yukon-Koyukuk Census Area,0,0,D
37-722, King Salmon,37,51.50504355800092,89.56659789087574,114.06327372764787,NA,D,243.86,374,1622,-1248,-0.7694,374,229,0,104,5,1,2,33,10,132,210,164,16,345,188,157,61,96,Bristol Bay Borough,0,0,D
37-308, Nikolai,37,41.148326455754244,10.901765245300322,47.04264099037139,NA,D,4.85,94,1622,-1528,-0.942,94,7,0,76,0,0,0,11,0,87,63,31,0,48,11,37,19,18,Yukon-Koyukuk Census Area,0,0,D
37-720, King Cove,37,124.39500229252636,86.97718936267768,178.31911966987622,NA,D,4292.78,938,1622,-684,-0.4217,938,152,9,360,342,2,30,43,105,384,577,361,438,237,56,181,96,85,Aleutians East Borough,0,0,D
37-740, Pedro Bay,37,14.94176983035305,5.890187987161852,16.36038514442916,NA,D,416.8,44,1622,-1578,-0.9729,44,13,0,29,0,0,0,2,0,31,20,24,0,59,39,20,10,10,Lake and Peninsula Borough,0,0,D
37-748, South Naknek,37,18.486359468133884,6.598292067858781,23.23796423658872,NA,D,291.74,79,1622,-1543,-0.9513,79,10,0,65,1,0,0,3,0,66,46,33,0,132,97,35,22,13,Bristol Bay Borough,0,0,D
37-706,Aleutians No. 2,37,569.1178358551124,315.53324163227876,744.7510316368638,NA,D,2327.74,4376,1622,2754,1.6979,4376,1715,300,268,1428,96,324,245,666,355,2995,1381,2099,1106,179,927,227,700,Aleutians West Census Area,0,0,D
37-746, Sleetmute,37,22.399931224209077,7.309319119669876,31.426409903713893,NA,D,12407.94,213,1622,-1409,-0.8687,213,33,0,164,1,0,0,15,1,179,117,96,0,204,114,90,53,37,Bethel Census Area,0,0,D
37-300, Anvik,37,29.751146263182026,6.719681338835397,36.55983493810179,NA,D,13.05,85,1622,-1537,-0.9476,85,3,0,79,0,0,0,3,0,82,46,39,0,46,13,33,23,10,Yukon-Koyukuk Census Area,0,0,D
37-310, Shageluk,37,29.66288399816598,1.679218248509858,30.4525447042641,NA,D,2578.19,83,1622,-1539,-0.9488,83,3,0,75,0,0,0,5,0,80,42,41,0,66,30,36,20,16,Yukon-Koyukuk Census Area,0,0,D
37-738, Nondalton,37,56.69566712517194,13.7371045392022,71.86382393397524,NA,D,6148.09,333,1622,-1289,-0.7947,333,139,7,140,2,0,0,45,16,181,171,162,0,280,174,106,57,49,Lake and Peninsula Borough,0,0,D
37-708, Chignik,37,29.97546996790463,15.323819348922513,38.419532324621734,NA,D,5691.9,362,1622,-1260,-0.7768,362,52,0,285,4,0,4,17,7,301,196,166,0,287,150,137,97,40,Lake and Peninsula Borough,0,0,D
37-712, Cold Bay,37,10.31075194864741,17.89311095827602,18.671251719394775,NA,D,4107.02,143,1622,-1479,-0.9118,143,87,2,40,3,0,1,10,5,47,85,58,1,129,68,61,13,48,Aleutians East Borough,0,0,D
37-752, St. Paul Island,37,127.13881247134341,24.69091013296653,140.69601100412655,NA,D,293.99,479,1622,-1143,-0.7047,479,53,2,394,3,1,3,23,17,417,254,225,24,190,28,162,91,71,Aleutians West Census Area,0,0,D
37-742, Port Heiden,37,22.50137551581843,11.063617606602476,26.471801925722147,NA,D,3075.91,102,1622,-1520,-0.9371,102,15,0,85,0,0,0,2,0,87,57,45,0,60,25,35,22,13,Lake and Peninsula Borough,0,0,D
37-704,Aleutians No. 1,37,45.6552040348464,24.2198532783127,58.40165061898212,NA,D,11256.86,604,1622,-1018,-0.6276,604,226,30,105,175,6,21,41,42,136,415,189,416,572,491,81,51,30,Aleutians West Census Area,0,0,D
37-312, Takotna,37,3.3830811554332874,6.092503438789546,5.896836313617607,NA,D,8008.34,54,1622,-1568,-0.9667,50,25,0,11,0,0,0,14,3,24,28,22,1,87,67,20,10,10,Yukon-Koyukuk Census Area,0,0,D
37-702, Aleknagik,37,55.84124254928932,10.51163457129757,62.96286107290234,NA,D,7071.4,223,1622,-1399,-0.8625,223,35,0,167,0,0,0,21,0,187,131,92,0,234,160,74,52,22,Dillingham Census Area,0,0,D
37-728,Lake Iliamna No. 2,37,40.97363594681339,21.572329206785877,59.123796423658874,NA,D,2667.46,226,1622,-1396,-0.8607,226,33,0,158,0,0,1,34,9,191,109,117,0,139,68,71,46,25,Kodiak Island Borough,0,0,D
37-716, Egegik,37,20.340784044016505,11.823762035763412,29.13892709766162,NA,D,9117.5,189,1622,-1433,-0.8835,189,66,0,95,0,5,1,22,2,117,121,68,37,403,340,63,46,17,Lake and Peninsula Borough,0,0,D
37-714, Dillingham,37,624.473406694177,205.3533929390188,784.2118294360386,NA,D,1186.06,2390,1622,768,0.4735,2390,740,9,1334,32,4,9,262,76,1584,1231,1159,52,1119,244,875,455,420,Dillingham Census Area,0,0,D
37-724, Koliganek,37,36.22340669417699,4.228392939018799,38.211829436038514,NA,D,4042.48,209,1622,-1413,-0.8711,209,7,0,200,0,0,0,2,0,202,109,100,0,78,23,55,35,20,Dillingham Census Area,0,0,D
37-732, Manokotak,37,121.50596056854654,26.942342961944064,142.7111416781293,NA,D,206.89,442,1622,-1180,-0.7275,442,16,0,423,0,0,1,2,1,425,230,212,0,138,17,121,94,27,Dillingham Census Area,0,0,D
37-710, Clark's Point,37,20.912654745529572,2.3352819807427787,20.540577716643742,NA,D,1329.47,66,1622,-1556,-0.9593,66,8,0,58,0,0,0,0,0,58,33,33,0,207,181,26,18,8,Dillingham Census Area,0,0,D
37-304, Holy Cross,37,72.85534158642824,10.60121503897295,75.54883081155434,NA,D,1498.68,178,1622,-1444,-0.8903,178,8,0,163,0,0,0,7,0,170,92,86,0,99,35,64,48,16,Yukon-Koyukuk Census Area,0,0,D
37-730, Levelock,37,23.35396607060981,2.537597432370472,27.07702888583219,NA,D,5291.16,76,1622,-1546,-0.9531,76,12,1,58,0,0,0,5,0,63,42,34,0,162,130,32,15,17,Lake and Peninsula Borough,0,0,D
37-302, Grayling,37,48.56143970655663,11.924919761577257,57.40715268225585,NA,D,4532.33,194,1622,-1428,-0.8804,194,13,0,169,0,0,0,12,0,181,99,95,0,73,18,55,36,19,Yukon-Koyukuk Census Area,0,0,D
38-800, Akiachak,38,98.97281431665337,15.609198677761313,107.97338424712186,NA,D,147.79,627,1622,-995,-0.6134,627,22,1,596,1,0,0,7,1,603,304,323,0,226,76,150,88,62,Bethel Census Area,0,0,D
38-854, Tuluksak,38,79.90727231277785,12.147099053915422,103.50250769406132,NA,D,901.85,373,1622,-1249,-0.77,373,15,1,354,0,0,0,3,0,357,200,173,0,107,15,92,63,29,Bethel Census Area,0,0,D
38-860, Upper Kalskag,38,26.014818192180556,20.208822523652113,49.34993730764847,NA,D,853.15,210,1622,-1412,-0.8705,210,14,1,171,0,0,1,23,0,193,108,102,0,75,15,60,37,23,Bethel Census Area,0,0,D
38-822, Kasigluk,38,100.58776929214636,10.275333409324062,111.49578251453323,NA,D,4477.52,569,1622,-1053,-0.6492,569,19,0,539,0,0,0,11,1,550,302,267,0,125,12,113,66,47,Bethel Census Area,0,0,D
38-836, Mekoryuk,38,60.561096546221364,19.099452866750255,80.86589536076599,NA,D,3064.13,191,1622,-1431,-0.8822,191,6,0,178,0,0,0,7,0,185,108,83,0,91,21,70,35,35,Bethel Census Area,0,0,D
38-840, Napaskiak,38,93.67143508491964,12.331300581329078,106.31773623617919,NA,D,22.77,405,1622,-1217,-0.7503,405,12,0,391,0,0,0,2,0,393,208,197,0,157,63,94,75,19,Bethel Census Area,0,0,D
38-808,Bethel No. 1,38,502.9116607773852,154.98586572438163,587.452296819788,NA,D,24.34,3472,1622,1850,1.1406,3472,663,19,2428,95,2,13,252,58,2645,1773,1699,38,1361,255,1106,456,650,Bethel Census Area,0,0,D
38-824, Kipnuk,38,153.25937535620653,15.678274250541435,168.27909495041604,NA,D,509,639,1622,-983,-0.606,639,13,0,624,0,0,0,2,0,626,333,306,0,176,23,153,123,30,Bethel Census Area,0,0,D
38-816, Crooked Creek,38,19.722329875755158,5.656217941411148,27.90425168129488,NA,D,619.2,114,1622,-1508,-0.9297,114,11,0,94,0,0,0,9,0,103,62,52,8,46,8,38,26,12,Bethel Census Area,0,0,D
38-814, Chuathbaluk,38,20.81785022227288,7.679243132337855,28.006155249059614,NA,D,5.16,118,1622,-1504,-0.9273,118,4,2,104,0,0,0,8,3,112,57,61,0,41,5,36,15,21,Bethel Census Area,0,0,D
38-858, Tununak,38,98.808788327824,11.882309358258293,113.3306166647669,NA,D,151.82,327,1622,-1295,-0.7984,327,13,0,309,0,0,0,5,0,314,192,135,0,90,6,84,64,20,Bethel Census Area,0,0,D
38-802, Akiak,38,99.2625099737832,13.99167901516015,109.81465861164938,NA,D,1466.8,346,1622,-1276,-0.7867,346,18,0,321,0,0,0,7,1,328,169,177,0,111,21,90,69,21,Bethel Census Area,0,0,D
38-848, Quinhagak,38,184.97577795508948,24.850963182491736,204.04337170865153,NA,D,2098.74,669,1622,-953,-0.5875,669,15,0,625,0,3,1,25,3,650,347,322,0,187,22,165,134,31,Bethel Census Area,0,0,D
38-832, Lower Kalskag,38,77.7341844294996,19.62327596033284,96.18420152741365,NA,D,1.71,282,1622,-1340,-0.8261,282,7,1,260,0,0,0,14,0,274,137,145,0,82,7,75,53,22,Bethel Census Area,0,0,D
38-844, Nightmute,38,83.68642425624074,8.611763364869486,101.1332497435313,NA,D,573.53,280,1622,-1342,-0.8274,280,14,0,265,0,0,0,1,7,266,147,133,0,61,2,59,45,14,Bethel Census Area,0,0,D
38-826, Kongiganak,38,144.4833580303203,6.527014704206087,158.1839165621794,NA,D,116.34,439,1622,-1183,-0.7293,439,9,0,420,0,0,0,10,8,430,237,202,0,102,8,94,43,51,Bethel Census Area,0,0,D
38-846, Nunapitchuk,38,93.84452296819788,21.85512367491166,111.63604240282686,NA,D,8.41,496,1622,-1126,-0.6942,496,12,0,475,0,0,0,9,0,484,266,230,0,132,8,124,77,47,Bethel Census Area,0,0,D
38-818, Eek,38,80.06850564231164,17.703864128576313,92.54086401459023,NA,D,5403.05,296,1622,-1326,-0.8175,296,7,0,289,0,0,0,0,3,289,157,139,0,157,66,91,65,26,Bethel Census Area,0,0,D
38-828, Kwethluk,38,117.26530263307876,21.16180326000228,129.41906987347545,NA,D,18.01,723,1622,-899,-0.5543,723,16,0,681,1,0,0,25,0,705,377,346,0,240,67,173,126,47,Bethel Census Area,0,0,D
38-852, Toksook Bay,38,199.0892511113644,16.396215661689276,204.03077624529809,NA,D,73.43,590,1622,-1032,-0.6363,590,26,2,543,1,0,6,12,6,555,315,275,0,135,10,125,79,46,Bethel Census Area,0,0,D
38-812, Chefornak,38,183.98187621110225,13.406132451840875,208.64892283141458,NA,D,1616.93,418,1622,-1204,-0.7423,418,14,1,400,0,0,0,3,0,403,210,208,0,99,7,92,52,40,Bethel Census Area,0,0,D
38-842, Newtok,38,88.45355066681864,8.037729397013564,103.01846574717885,NA,D,1235.49,354,1622,-1268,-0.7818,354,10,0,340,1,0,0,3,1,343,197,157,0,72,2,70,59,11,Bethel Census Area,0,0,D
38-820, Goodnews Bay,38,77.42670694175311,17.790208594551466,99.92300239370797,NA,D,2020.99,311,1622,-1311,-0.8083,311,21,0,284,1,0,0,5,4,289,176,135,7,120,25,95,51,44,Bethel Census Area,0,0,D
38-806, Atmautluak,38,52.61478399635244,7.594494471674456,63.05682206770774,NA,D,848.65,277,1622,-1345,-0.8292,277,4,2,271,0,0,0,0,0,271,132,145,0,72,9,63,51,12,Bethel Census Area,0,0,D
38-834, Marshall,38,88.95799612447281,14.4003761541092,91.62344693947338,NA,D,1250.3,417,1622,-1205,-0.7429,417,11,0,395,1,0,0,10,1,405,219,198,0,117,16,101,63,38,Wade Hampton Census Area,0,0,D
38-804, Aniak,38,111.2504844408982,61.95298073635016,154.06913256582698,NA,D,5626.1,513,1622,-1109,-0.6837,513,107,1,354,0,0,1,50,6,404,270,243,0,278,108,170,108,62,Bethel Census Area,0,0,D
38-850, Russian Mission,38,93.85654850108287,28.893821953721645,131.38156844864926,NA,D,900.99,329,1622,-1293,-0.7972,329,15,0,310,0,0,0,4,0,314,178,151,0,116,37,79,56,23,Wade Hampton Census Area,0,0,D
38-856, Tuntutuliak,38,97.74307534480793,14.348569474524108,112.39416391200274,NA,D,520.28,408,1622,-1214,-0.7485,408,12,0,391,0,0,0,5,0,396,216,192,0,106,10,96,59,37,Bethel Census Area,0,0,D
38-810,Bethel No. 2,38,459.2792659295566,172.01242448421291,555.4411261826058,NA,D,24.33,2608,1622,986,0.6079,2608,754,34,1525,58,22,23,192,78,1689,1384,1224,283,1003,213,790,390,400,Bethel Census Area,0,0,D
38-838, Napakiak,38,95.12515673087883,9.440670238230936,110.80177818306167,NA,D,246.17,424,1622,-1198,-0.7386,424,12,0,408,1,0,0,3,0,411,228,196,0,158,47,111,90,21,Bethel Census Area,0,0,D
38-830, Kwigillingok,38,104.66550780804742,3.847771571868232,105.1777613131198,NA,D,357.72,321,1622,-1301,-0.8021,321,11,0,305,0,0,0,5,0,310,169,152,2,106,24,82,50,32,Bethel Census Area,0,0,D
39-946, Teller,39,64.33942411042598,12.75301238898003,78.21593030491599,NA,D,4795.38,254,1622,-1368,-0.8434,254,32,1,221,0,0,0,0,3,221,137,117,24,122,49,73,22,51,Nome Census Area,1,0,D
39-950, Wales,39,50.54556768682469,10.028341913220569,64.05973864343497,NA,D,1184.31,149,1622,-1473,-0.9081,149,11,0,125,0,0,0,13,0,138,86,63,4,60,17,43,19,24,Nome Census Area,1,0,D
39-930, Pilot Station,39,80.70390903433841,36.920122192679756,141.66397013067828,NA,D,2.25,568,1622,-1054,-0.6498,568,10,0,557,0,0,0,1,0,558,295,273,0,137,16,121,95,26,Wade Hampton Census Area,1,0,D
39-908, Elim,39,85.63783447417548,18.277535780958306,105.77660236465464,NA,D,460.11,330,1622,-1292,-0.7965,330,24,0,296,1,0,0,9,1,305,182,148,0,113,24,89,47,42,Nome Census Area,1,0,D
39-324, Ruby,39,40.938507665327826,11.187079255529785,39.53204729309272,NA,D,2560.97,172,1622,-1450,-0.894,172,12,0,147,3,0,0,10,1,157,95,77,0,131,67,64,46,18,Yukon-Koyukuk Census Area,1,0,D
39-948, Unalakleet,39,190.7540306613113,73.74831702211914,269.12818917237087,NA,D,2140.19,688,1622,-934,-0.5758,688,103,4,532,4,0,1,44,7,574,371,317,0,352,127,225,138,87,Nome Census Area,1,0,D
39-952, White Mountain,39,50.24602590937376,12.311308479945692,70.9016801493466,NA,D,2654.91,190,1622,-1432,-0.8829,190,23,0,155,0,0,0,12,2,167,109,81,0,127,62,65,46,19,Nome Census Area,1,0,D
39-928, Nunam Iqua,39,28.228941562482323,7.304406856367031,35.88114499066584,NA,D,373.42,189,1622,-1433,-0.8835,189,13,0,171,2,0,0,3,0,174,99,90,0,49,5,44,32,12,Wade Hampton Census Area,1,0,D
39-322, Nulato,39,85.5102675793404,9.822028624766645,92.42128189172371,NA,D,2083.01,264,1622,-1358,-0.8372,264,13,0,249,0,0,1,1,2,250,144,120,0,139,47,92,73,19,Yukon-Koyukuk Census Area,1,0,D
39-920, Koyuk,39,80.67200316795837,20.29133902811563,103.81767268201618,NA,D,2582.85,332,1622,-1290,-0.7953,332,12,0,295,1,0,0,24,0,319,183,149,0,101,12,89,36,53,Nome Census Area,1,0,D
39-916, Hooper Bay,39,234.67319115234486,52.54347457147706,266.44492843808337,NA,D,193.31,1093,1622,-529,-0.3261,1093,21,0,1034,0,0,1,37,0,1070,563,530,0,284,28,256,190,66,Wade Hampton Census Area,1,0,D
39-320, Koyukuk,39,41.6742659953612,2.6763591107088307,38.01244555071562,NA,D,924.09,98,1622,-1524,-0.9396,98,1,0,95,0,0,0,2,0,97,50,48,0,63,20,43,32,11,Yukon-Koyukuk Census Area,1,0,D
39-316, Huslia,39,89.69819539514623,10.897946484131923,102.64716863721219,NA,D,11915.62,275,1622,-1347,-0.8305,275,18,0,254,0,0,0,3,0,256,136,139,0,126,35,91,74,17,Yukon-Koyukuk Census Area,1,0,D
39-906, Diomede,39,12.964699892515698,9.793686711546076,20.361543248288736,NA,D,83.29,115,1622,-1507,-0.9291,115,5,0,106,0,0,0,4,0,110,61,54,0,47,9,38,24,14,Nome Census Area,1,0,D
39-932, Savoonga,39,210.46359676415682,32.63098942128189,249.77909147479775,NA,D,2145.38,671,1622,-951,-0.5863,671,33,0,634,1,0,0,3,0,637,347,324,0,205,39,166,137,29,Nome Census Area,1,0,D
39-944, Stebbins,39,91.49889687164111,33.837302709735816,136.417548226509,NA,D,284.35,556,1622,-1066,-0.6572,556,24,1,530,1,0,0,0,0,530,278,278,0,153,19,134,63,71,Nome Census Area,1,0,D
39-904, Chevak,39,228.02511738417152,39.473722916784524,261.2619788425638,NA,D,4019.34,938,1622,-684,-0.4217,938,22,0,890,3,0,1,22,1,912,508,430,0,228,19,209,159,50,Wade Hampton Census Area,1,0,D
39-934, Scammon Bay,39,144.2004865078916,19.31277931775754,162.85687616677038,NA,D,1903.9,480,1622,-1142,-0.7041,480,5,1,473,0,0,0,1,0,474,265,215,6,142,46,96,52,44,Wade Hampton Census Area,1,0,D
39-938, Shishmaref,39,147.6184872998812,44.885614074786446,209.56129433727443,NA,D,2786.07,563,1622,-1059,-0.6529,563,20,0,534,2,0,0,7,1,540,310,253,0,205,64,141,84,57,Nome Census Area,1,0,D
39-936, Shaktoolik,39,74.28817106975166,19.732307518244045,94.15432482887368,NA,D,2004.41,251,1622,-1371,-0.8453,251,9,0,241,0,0,0,1,0,242,136,115,0,76,12,64,34,30,Nome Census Area,1,0,D
39-940, St. Mary's,39,130.52395768512756,25.251400124455508,142.64965774735532,NA,D,4377.7,616,1622,-1006,-0.6202,616,21,0,570,0,0,0,25,0,595,321,295,3,258,76,182,126,56,Wade Hampton Census Area,1,0,D
39-926,Nome No. 2,39,373.4739491995248,190.54245629914578,531.2451773490977,NA,D,1650.39,2252,1622,630,0.3884,2252,717,8,1253,38,2,7,227,56,1468,1148,1104,14,1109,342,767,377,390,Nome Census Area,1,0,D
39-912, Gambell,39,143.63444023307122,29.70000565706851,176.98444306160548,NA,D,852.7,681,1622,-941,-0.5801,681,26,0,651,1,0,0,3,3,654,358,323,0,263,99,164,137,27,Nome Census Area,1,0,D
39-900, Alakanuk,39,97.56610284550545,16.672399162753862,113.90230242688239,NA,D,917.98,677,1622,-945,-0.5826,677,14,0,643,3,0,0,17,0,660,343,334,0,209,49,160,110,50,Wade Hampton Census Area,1,0,D
39-918, Kotlik,39,85.85766815636137,26.982236804887705,119.84878655880523,NA,D,3005.78,577,1622,-1045,-0.6443,577,11,0,561,2,0,1,2,1,563,307,270,0,177,49,128,86,42,Wade Hampton Census Area,1,0,D
39-942, St. Michael,39,58.85082310346778,24.767551055043278,93.23459863098942,NA,D,4493.93,401,1622,-1221,-0.7528,401,22,0,369,0,0,0,10,3,379,211,190,0,163,67,96,62,34,Nome Census Area,1,0,D
39-910, Emmonak,39,175.01827233127793,38.25903716694009,212.647790914748,NA,D,690.06,762,1622,-860,-0.5302,762,24,0,734,1,0,0,3,1,737,429,333,0,237,52,185,159,26,Wade Hampton Census Area,1,0,D
39-922, Mountain Village,39,161.8895740227414,41.61101996945183,206.69508400746733,NA,D,1721.18,813,1622,-809,-0.4988,813,34,0,747,6,0,0,26,3,773,417,396,0,228,44,184,119,65,Wade Hampton Census Area,1,0,D
39-318, Kaltag,39,75.24602590937376,4.311308479945692,79.9016801493466,NA,D,2052.75,190,1622,-1432,-0.8829,190,11,0,174,0,0,0,5,0,179,116,74,0,103,33,70,55,15,Yukon-Koyukuk Census Area,1,0,D
39-314, Galena,39,118.08089607965152,59.26446795270691,159.71313005600499,NA,D,5911.02,473,1622,-1149,-0.7084,473,140,0,300,3,0,1,29,11,325,243,230,0,304,112,192,137,55,Yukon-Koyukuk Census Area,1,0,D
39-902, Brevig Mission,39,88.62872659387905,27.677829948520678,126.96764156813938,NA,D,663.97,388,1622,-1234,-0.7608,388,18,2,355,0,0,2,11,2,366,201,187,0,103,10,93,31,62,Nome Census Area,1,0,D
39-924,Nome No. 1,39,242.8827855405329,150.45595972167223,371.110765401369,NA,D,547.12,1515,1622,-107,-0.066,1515,466,11,757,47,7,11,216,36,951,857,658,177,762,243,519,239,280,Nome Census Area,1,0,D
39-914, Golovin,39,48.66515811506477,6.0766532782712,61.203484754200375,NA,D,1523.62,156,1622,-1466,-0.9038,156,7,0,145,0,0,1,3,1,148,83,73,0,79,30,49,25,24,Nome Census Area,1,0,D
40-034, Point Lay,40,30.622236333198636,24.636552560180107,61.32049875887548,NA,D,10066.75,189,1622,-1433,-0.8835,189,20,0,167,0,1,0,1,1,168,106,83,0,70,10,60,23,37,North Slope Borough,1,0,D
40-016, Kaktovik,40,63.65716099982682,29.104139005945854,102.55492697569704,NA,D,15239.26,243,1622,-1379,-0.8502,243,25,0,213,0,0,0,5,0,218,126,117,2,98,25,73,42,31,North Slope Borough,1,0,D
40-002, Ambler,40,55.944640073890206,17.234024129769672,70.89782370259194,NA,D,4135.47,258,1622,-1364,-0.8409,258,29,1,218,0,0,0,10,0,228,131,127,0,111,36,75,41,34,Northwest Arctic Borough,1,0,D
40-022, Kobuk,40,19.91312128384229,12.316169254748022,33.47468683253478,NA,D,6041.39,152,1622,-1470,-0.9063,152,13,0,137,1,0,0,1,4,137,77,75,0,76,39,37,18,19,Northwest Arctic Borough,1,0,D
40-038, Shungnak,40,69.0213011603071,14.268660162789356,74.9892628297639,NA,D,1661.11,262,1622,-1360,-0.8385,262,15,0,247,0,0,0,0,1,247,131,131,0,84,22,62,40,22,Northwest Arctic Borough,1,0,D
40-004, Anaktuvuk Pass,40,107.08439646712463,60.43572129538764,159.51030421982335,NA,D,25507.92,2822,1622,1200,0.7398,2822,2163,47,465,40,4,32,71,99,512,2428,394,2497,123,23,100,61,39,North Slope Borough,1,0,D
40-032, Point Hope,40,116.99405414766495,74.87080759683657,190.49893205564857,NA,D,5409.54,678,1622,-944,-0.582,678,43,3,603,0,0,1,28,13,629,356,322,4,222,36,186,121,65,North Slope Borough,1,0,D
40-006, Atqasuk,40,45.465508283784565,24.01754892339664,76.32632915776713,NA,D,1970.13,233,1622,-1389,-0.8563,233,16,0,215,0,0,0,2,0,217,135,98,0,74,10,64,29,35,North Slope Borough,1,0,D
40-326, Allakaket,40,91.00554176528316,4.809732725278531,88.77769439473532,NA,D,7175.42,209,1622,-1413,-0.8711,209,2,0,202,0,0,0,5,0,207,119,90,0,104,29,75,49,26,Yukon-Koyukuk Census Area,1,0,D
40-020, Kivalina,40,77.58817756739595,35.13923685273913,121.20758529123131,NA,D,2525.28,709,1622,-913,-0.5629,709,156,0,523,1,0,5,24,8,545,474,235,335,118,33,85,64,21,Northwest Arctic Borough,1,0,D
40-012, Buckland,40,77.97275298735785,22.60214743404722,110.50966922588466,NA,D,2840.88,416,1622,-1206,-0.7435,416,11,0,397,0,0,0,8,0,405,233,183,0,103,5,98,54,44,Northwest Arctic Borough,1,0,D
40-040, Wainwright,40,74.65589101194944,75.81440858973619,162.71003867690354,NA,D,9258.01,556,1622,-1066,-0.6572,556,45,0,501,0,0,0,10,2,510,299,257,20,193,46,147,99,48,North Slope Borough,1,0,D
40-328, Bettles,40,9.60988281475495,7.727356693413381,15.920221670611326,NA,D,15375.86,84,1622,-1538,-0.9482,84,67,1,12,0,0,0,4,0,15,52,32,13,182,139,43,25,18,Yukon-Koyukuk Census Area,1,0,D
40-036, Selawik,40,105.11799341915372,45.282225942388735,154.22507648790625,NA,D,4899.02,841,1622,-781,-0.4815,841,33,1,720,0,0,0,87,0,804,438,403,0,239,50,189,97,92,Northwest Arctic Borough,1,0,D
40-026, Noatak,40,90.85094960457195,38.4507302430295,141.74992784159787,NA,D,5440.17,514,1622,-1108,-0.6831,514,13,2,487,0,0,0,12,0,499,268,246,0,160,46,114,79,35,Northwest Arctic Borough,1,0,D
40-014, Deering,40,33.338163135715526,7.056399007100387,40.78889337874502,NA,D,5547.06,122,1622,-1500,-0.9248,122,11,0,106,0,0,0,5,0,111,67,55,0,127,83,44,27,17,Northwest Arctic Borough,1,0,D
40-030, Nuiqsut,40,78.5059747156959,41.294868094440915,125.33845176932402,NA,D,25791.72,496,1622,-1126,-0.6942,496,122,3,359,1,0,0,11,3,369,289,207,94,157,38,119,66,53,North Slope Borough,1,0,D
40-028, Noorvik,40,103.84073197483114,51.8015355307972,164.31605380130463,NA,D,927.01,670,1622,-952,-0.5869,670,25,3,592,0,1,0,49,1,640,377,293,0,215,61,154,81,73,Northwest Arctic Borough,1,0,D
40-018, Kiana,40,69.24447266639727,26.273105120360214,89.64099751775096,NA,D,4672.09,378,1622,-1244,-0.767,378,28,1,339,0,0,0,10,1,349,202,176,0,231,124,107,60,47,Northwest Arctic Borough,1,0,D
40-008, Barrow,40,248.1188593199792,109.2524966807135,347.34659123708366,NA,D,92.24,1415,1622,-207,-0.1276,1415,310,17,813,136,19,15,105,47,910,757,658,15,592,97,495,198,297,North Slope Borough,1,0,D
40-010, Browerville,40,506.62442994862323,251.2279050972695,754.9616694567916,NA,D,772.72,2798,1622,1176,0.725,2798,403,24,1764,248,80,19,260,84,1979,1408,1390,20,971,186,785,328,457,North Slope Borough,1,0,D
40-024, Kotzebue,40,560.3480344051261,211.71748542400277,717.1741615193673,NA,D,1779.1,3201,1622,1579,0.9735,3201,512,29,2355,40,11,12,242,43,2585,1631,1570,47,1243,289,954,411,543,Northwest Arctic Borough,1,0,D
40-330, Hughes,40,49.47572591352537,2.666743635628933,50.76020319806038,NA,D,2.99,77,1622,-1545,-0.9525,77,1,2,74,0,0,0,0,0,74,38,39,0,40,9,31,19,12,Yukon-Koyukuk Census Area,1,0,D