state,county,tract,P0010001,P0030002,P0050003,P0040003,P0030005,P0030003,H0160002,state,county,tract,geoid,tot_pop,pr_white,pr_hisp_lat,pr_asian,pr_black_afr_am,prop_owner_occ
36,103,110101,3660,3487,3378,120,80,38,1107,36,103,110101,36103110101,3660,0.9527322404371584,0.03278688524590164,0.02185792349726776,0.010382513661202186,0.30245901639344264
36,103,110102,5070,4838,4683,194,115,34,1541,36,103,110102,36103110102,5070,0.954240631163708,0.03826429980276134,0.022682445759368838,0.0067061143984220905,0.3039447731755424
36,103,110200,5021,4813,4692,155,102,27,1816,36,103,110200,36103110200,5021,0.9585739892451702,0.03087034455287791,0.02031467835092611,0.005377414857598088,0.36168094005178253
36,103,110300,4822,4577,4388,252,89,43,1624,36,103,110300,36103110300,4822,0.949191206968063,0.05226047283284944,0.01845707175445873,0.00891746163417669,0.33678971381169637
36,103,110401,2690,2616,2537,95,31,9,925,36,103,110401,36103110401,2690,0.9724907063197026,0.03531598513011153,0.011524163568773234,0.003345724907063197,0.34386617100371747
36,103,110402,3176,3060,2975,96,50,20,1093,36,103,110402,36103110402,3176,0.9634760705289672,0.030226700251889168,0.015743073047858942,0.006297229219143577,0.34414357682619645
36,103,110501,3141,3008,2903,114,73,8,1015,36,103,110501,36103110501,3141,0.9576567971983445,0.03629417382999045,0.02324100604902897,0.0025469595670168737,0.32314549506526585
36,103,110502,2933,2686,2586,158,71,69,842,36,103,110502,36103110502,2933,0.9157858847596317,0.05386975792703717,0.0242072962836686,0.0235254006137061,0.2870780770542107
36,103,110600,7401,7110,6916,267,124,43,2217,36,103,110600,36103110600,7401,0.960680989055533,0.03607620591811917,0.016754492636130252,0.005810025672206459,0.2995541143088772
36,103,110801,2090,2019,1970,57,26,7,715,36,103,110801,36103110801,2090,0.9660287081339712,0.02727272727272727,0.012440191387559809,0.0033492822966507177,0.34210526315789475
36,103,110803,5973,5723,5549,229,89,52,1814,36,103,110803,36103110803,5973,0.9581449857692952,0.03833919303532563,0.014900385066130922,0.008705842959986606,0.3036999832579943
36,103,110901,2654,2467,2317,187,50,72,725,36,103,110901,36103110901,2654,0.9295403165033911,0.07045968349660889,0.018839487565938208,0.027128862094951016,0.273172569706104
36,103,110902,4209,2471,1764,1330,114,919,778,36,103,110902,36103110902,4209,0.5870753148016156,0.3159895462105013,0.0270848182466144,0.2183416488477073,0.18484200522689476
36,103,111001,2089,1709,1549,232,73,185,567,36,103,111001,36103111001,2089,0.8180947821924366,0.11105792245093346,0.034944949736716135,0.08855911919578746,0.2714217328865486
36,103,111002,5171,2843,1852,2538,137,570,888,36,103,111002,36103111002,5171,0.5497969444981629,0.4908141558692709,0.026493908334944884,0.1102301295687488,0.17172693869657707
36,103,111100,8853,4613,2519,4647,269,1383,1461,36,103,111100,36103111100,8853,0.5210663052072744,0.5249068112504236,0.030385180164915846,0.15621823110809896,0.16502880379532361
36,103,111201,3791,2079,1465,1846,97,346,683,36,103,111201,36103111201,3791,0.5484041150092324,0.48694275916644686,0.025586916380902137,0.09126879451332102,0.1801635452387233
36,103,111202,4700,3647,3032,1217,222,159,1205,36,103,111202,36103111202,4700,0.7759574468085106,0.25893617021276594,0.04723404255319149,0.033829787234042556,0.25638297872340426
36,103,111300,4693,4411,4300,140,116,81,1477,36,103,111300,36103111300,4693,0.9399105050074579,0.02983166418069465,0.024717664606861284,0.01725974856168762,0.31472405710632856
36,103,111401,1420,1250,1142,128,47,77,459,36,103,111401,36103111401,1420,0.8802816901408451,0.09014084507042254,0.03309859154929577,0.054225352112676053,0.3232394366197183
36,103,111402,4885,4227,3948,403,278,138,1525,36,103,111402,36103111402,4885,0.8653019447287615,0.08249744114636642,0.05690890481064483,0.028249744114636644,0.31218014329580346
36,103,111503,4323,3400,3193,438,214,418,1116,36,103,111503,36103111503,4323,0.7864908628267407,0.10131852879944483,0.04950266018968309,0.09669211195928754,0.25815405968077726
36,103,111504,1391,1259,1187,82,80,23,425,36,103,111504,36103111504,1391,0.9051042415528396,0.05895039539899353,0.05751258087706686,0.01653486700215672,0.3055355859094177
36,103,111505,6486,4082,3559,1128,279,1428,1588,36,103,111505,36103111505,6486,0.6293555349984582,0.17391304347826086,0.04301572617946346,0.22016651248843663,0.2448350292938637
36,103,111506,3545,2368,2053,510,324,582,894,36,103,111506,36103111506,3545,0.6679830747531735,0.14386459802538787,0.09139633286318759,0.16417489421720732,0.25218617771509166
36,103,111601,3990,3784,3522,318,71,23,1117,36,103,111601,36103111601,3990,0.9483709273182958,0.07969924812030076,0.017794486215538845,0.0057644110275689225,0.2799498746867168
36,103,111602,3252,3090,2932,206,42,29,978,36,103,111602,36103111602,3252,0.9501845018450185,0.06334563345633457,0.012915129151291513,0.00891758917589176,0.3007380073800738
36,103,111701,5669,5058,4822,470,283,51,1644,36,103,111701,36103111701,5669,0.8922208502381372,0.08290703827835597,0.04992062092079732,0.008996295642970541,0.28999823602046215
36,103,111703,3246,3015,2852,209,106,38,922,36,103,111703,36103111703,3246,0.9288354898336414,0.06438693776956254,0.03265557609365373,0.01170671595810228,0.2840418977202711
36,103,111704,3251,3109,3009,135,52,28,1022,36,103,111704,36103111704,3251,0.9563211319593972,0.04152568440479852,0.015995078437403876,0.008612734543217471,0.3143648108274377
36,103,111801,6241,5552,5304,326,486,92,1910,36,103,111801,36103111801,6241,0.8896010254766864,0.05223521871494953,0.07787213587566096,0.01474122736740907,0.30604069860599264
36,103,111802,2932,2733,2640,125,113,22,904,36,103,111802,36103111802,2932,0.9321282401091405,0.04263301500682128,0.03854024556616644,0.007503410641200546,0.3083219645293315
36,103,111803,2712,2431,2321,135,186,29,827,36,103,111803,36103111803,2712,0.8963864306784661,0.049778761061946904,0.06858407079646017,0.010693215339233038,0.3049410029498525
36,103,111804,2397,2237,2146,98,118,19,713,36,103,111804,36103111804,2397,0.933249895702962,0.040884438881935756,0.049228201919065497,0.007926574885273258,0.2974551522736754
36,103,111900,5592,5065,4850,304,301,70,1846,36,103,111900,36103111900,5592,0.905758226037196,0.05436337625178827,0.05382689556509299,0.01251788268955651,0.3301144492131617
36,103,112001,4456,3756,3464,512,308,90,1337,36,103,112001,36103112001,4456,0.8429084380610413,0.11490125673249552,0.06912028725314183,0.020197486535008975,0.3000448833034111
36,103,112002,4966,4448,4277,244,243,128,1545,36,103,112002,36103112002,4966,0.8956906967378172,0.049134111961337094,0.048932742650020136,0.02577527184857028,0.3111155859846959
36,103,112102,3969,3434,3255,236,300,118,1207,36,103,112102,36103112102,3969,0.8652053413958176,0.05946082136558327,0.07558578987150416,0.029730410682791635,0.30410682791635174
36,103,112103,4496,4088,3927,229,244,46,1251,36,103,112103,36103112103,4496,0.9092526690391459,0.05093416370106762,0.054270462633451956,0.010231316725978648,0.2782473309608541
36,103,112104,2458,1912,1818,142,381,67,704,36,103,112104,36103112104,2458,0.7778681855166802,0.05777054515866558,0.15500406834825062,0.02725793327908869,0.28641171684296174
36,103,112204,3711,3327,3193,179,210,69,1190,36,103,112204,36103112204,3711,0.8965238480194018,0.04823497709512261,0.056588520614389654,0.018593371059013743,0.32066828348154136
36,103,112206,8271,7099,6797,418,642,282,2308,36,103,112206,36103112206,8271,0.8583000846330553,0.05053802442268166,0.07762060210373595,0.034095030830612987,0.2790472736065772
36,103,112210,7039,5575,5303,439,818,347,1946,36,103,112210,36103112210,7039,0.7920159113510442,0.062366813467822135,0.11620968887626083,0.04929677511010087,0.2764597243926694
36,103,112211,4487,3932,3740,222,315,151,1357,36,103,112211,36103112211,4487,0.8763093380878092,0.04947626476487631,0.07020280811232449,0.03365277468241587,0.30242924002674393
36,103,112212,3466,2704,2590,178,404,255,980,36,103,112212,36103112212,3466,0.7801500288517023,0.05135603000577034,0.11656087709174841,0.07357184073860358,0.2827466820542412
36,103,112213,5473,3921,3727,316,792,542,1538,36,103,112213,36103112213,5473,0.7164260917230039,0.057737986479079115,0.14471039649186918,0.09903160972044582,0.28101589621779643
36,103,112214,7003,6015,5744,358,524,288,2393,36,103,112214,36103112214,7003,0.8589176067399685,0.051120948165072115,0.07482507496787091,0.04112523204340997,0.34171069541625015
36,103,122300,4323,3575,3189,621,206,236,1061,36,103,122300,36103122300,4323,0.8269720101781171,0.1436502428868841,0.04765209345362017,0.05459171871385612,0.24543141337034466
36,103,122403,2513,805,586,376,102,1414,575,36,103,122403,36103122403,2513,0.3203342618384401,0.14962196577795464,0.04058893752487067,0.5626740947075209,0.22881018702745723
36,103,122404,3600,3097,2732,630,65,129,912,36,103,122404,36103122404,3600,0.8602777777777778,0.175,0.018055555555555554,0.035833333333333335,0.25333333333333335
36,103,122405,3566,936,718,525,205,2038,844,36,103,122405,36103122405,3566,0.26247896803140774,0.14722378014582166,0.05748738081884464,0.5715086932136848,0.23667975322490184
36,103,122406,5356,982,234,1571,48,3473,806,36,103,122406,36103122406,5356,0.18334578043315908,0.2933159073935773,0.008961911874533234,0.6484316654219567,0.15048543689320387
36,103,122501,4571,586,206,1291,27,3009,622,36,103,122501,36103122501,4571,0.12819951870487858,0.2824327280682564,0.0059068037628527675,0.6582804637934806,0.13607525705534895
36,103,122502,4698,568,158,970,24,3478,1008,36,103,122502,36103122502,4698,0.1209025117071094,0.2064708386547467,0.005108556832694764,0.7403150276713495,0.21455938697318008
36,103,122601,5852,4569,4081,828,416,429,1608,36,103,122601,36103122601,5852,0.7807587149692413,0.14149008885850992,0.0710868079289132,0.07330827067669173,0.2747778537252221
36,103,122602,4639,3930,3596,439,227,297,1405,36,103,122602,36103122602,4639,0.847165337357189,0.0946324638930804,0.04893295968958827,0.0640224186247036,0.3028669971976719
36,103,122603,5667,4765,4296,658,308,357,1547,36,103,122603,36103122603,5667,0.8408328921828128,0.11611081701076408,0.05434974413269807,0.06299629433562731,0.2729839421210517
36,103,122704,2243,1356,1196,306,189,516,572,36,103,122704,36103122704,2243,0.6045474810521623,0.13642443156486847,0.08426214890771289,0.23004904146232724,0.2550156041016496
36,103,122705,3069,2393,2194,366,260,189,839,36,103,122705,36103122705,3069,0.7797328119908765,0.11925708699902249,0.08471814923427827,0.06158357771260997,0.27337895079830565
36,103,122706,3833,3107,2818,411,326,203,981,36,103,122706,36103122706,3833,0.8105922254109053,0.10722671536655361,0.08505087398904253,0.05296112705452648,0.25593529872162796
36,103,122707,3112,2686,2483,311,182,108,883,36,103,122707,36103122707,3112,0.8631105398457584,0.09993573264781491,0.05848329048843188,0.03470437017994859,0.2837403598971722
36,103,122801,5768,2905,2459,918,318,2033,1427,36,103,122801,36103122801,5768,0.5036407766990292,0.15915395284327324,0.05513176144244106,0.3524618585298197,0.2473994452149792
36,103,122802,4228,3304,2847,651,214,446,1113,36,103,122802,36103122802,4228,0.7814569536423841,0.15397350993377484,0.05061494796594134,0.1054872280037843,0.2632450331125828
36,103,122901,5855,5133,4769,603,215,157,1498,36,103,122901,36103122901,5855,0.8766865926558497,0.10298889837745516,0.036720751494449186,0.02681468830059778,0.25584970111016225
36,103,122902,4447,3966,3659,457,141,133,1118,36,103,122902,36103122902,4447,0.8918371936136721,0.10276590960197886,0.03170676860805037,0.02990780301326737,0.25140544187092423
36,103,123001,5880,5080,4600,780,179,245,1594,36,103,123001,36103123001,5880,0.8639455782312925,0.1326530612244898,0.030442176870748298,0.041666666666666664,0.27108843537414967
36,103,123002,4740,3958,3549,653,201,250,1208,36,103,123002,36103123002,4740,0.8350210970464135,0.13776371308016877,0.04240506329113924,0.052742616033755275,0.2548523206751055
36,103,123101,3627,3142,2872,446,110,165,1137,36,103,123101,36103123101,3627,0.8662806727322856,0.12296663909567135,0.030328094844223878,0.045492142266335814,0.3134822167080232
36,103,123102,3987,3653,3295,466,81,109,1288,36,103,123102,36103123102,3987,0.9162277401555053,0.11687985954351643,0.020316027088036117,0.027338851266616504,0.32304991221469775
36,103,123201,2161,1065,686,732,127,575,315,36,103,123201,36103123201,2161,0.4928273947246645,0.33873206848681164,0.05876908838500694,0.2660805182785747,0.14576584914391486
36,103,123202,8326,1536,718,2399,83,5076,1449,36,103,123202,36103123202,8326,0.18448234446312756,0.28813355753062697,0.00996877251981744,0.6096564977179918,0.17403314917127072
36,103,123301,7415,1924,985,2034,74,4206,1501,36,103,123301,36103123301,7415,0.25947403910991235,0.27430883344571816,0.009979770734996628,0.5672285906945381,0.20242751180040458
36,103,123302,1962,311,55,655,14,1238,280,36,103,123302,36103123302,1962,0.15851172273190622,0.33384301732925586,0.007135575942915392,0.6309887869520897,0.14271151885830785
36,103,123401,4286,3446,2868,1012,129,219,980,36,103,123401,36103123401,4286,0.8040130657956136,0.23611759216052264,0.030097993467102194,0.0510965935604293,0.22865142323845078
36,103,123402,7366,6046,5418,1234,237,380,1648,36,103,123402,36103123402,7366,0.8207982622861797,0.16752647298398046,0.03217485745316318,0.05158837903882704,0.22373065435786044
36,103,123500,5905,4305,3762,1068,121,898,1208,36,103,123500,36103123500,5905,0.729043183742591,0.18086367485182048,0.020491109229466554,0.1520745131244708,0.2045723962743438
36,103,123600,3777,3628,3483,186,48,28,1411,36,103,123600,36103123600,3777,0.9605507016150384,0.04924543288324067,0.012708498808578236,0.007413290971670638,0.3735769128938311
36,103,123701,7044,3855,1766,4220,149,983,958,36,103,123701,36103123701,7044,0.547274275979557,0.599091425326519,0.02115275411697899,0.13955139125496877,0.1360022714366837
36,103,123702,8167,5956,4743,2571,231,581,1914,36,103,123702,36103123702,8167,0.7292763560670993,0.3148034774090853,0.028284559813885148,0.07113995347128689,0.23435778131504836
36,103,123801,4158,3837,3634,299,80,90,1436,36,103,123801,36103123801,4158,0.9227994227994228,0.07190957190957191,0.01924001924001924,0.021645021645021644,0.34535834535834536
36,103,123802,3624,3244,3024,433,47,82,1118,36,103,123802,36103123802,3624,0.8951434878587197,0.11948123620309051,0.012969094922737307,0.02262693156732892,0.30849889624724064
36,103,123900,5083,4496,4128,611,147,138,1313,36,103,123900,36103123900,5083,0.8845170175093449,0.12020460358056266,0.028919929175683652,0.027149321266968326,0.25831202046035806
36,103,124001,4536,4248,3976,365,95,55,1293,36,103,124001,36103124001,4536,0.9365079365079365,0.0804673721340388,0.020943562610229276,0.012125220458553791,0.28505291005291006
36,103,124002,3308,3056,2777,385,71,35,873,36,103,124002,36103124002,3308,0.9238210399032648,0.1163845223700121,0.021463119709794438,0.010580411124546553,0.2639056831922612
36,103,124101,4512,4085,3822,493,84,78,1122,36,103,124101,36103124101,4512,0.905363475177305,0.10926418439716312,0.018617021276595744,0.017287234042553192,0.24867021276595744
36,103,124102,3563,3364,3161,293,39,28,1003,36,103,124102,36103124102,3563,0.9441481897277575,0.0822340724108897,0.01094583216390682,0.007858546168958742,0.28150435026662923
36,103,124200,6251,5861,5517,509,85,83,1781,36,103,124200,36103124200,6251,0.9376099824028156,0.08142697168453047,0.013597824348104304,0.013277875539913614,0.284914413693809
36,103,124300,6722,5885,5417,676,192,349,1568,36,103,124300,36103124300,6722,0.8754834870574234,0.10056530794406426,0.02856292770008926,0.051919071704849745,0.23326390955072895
36,103,124401,3889,3591,3429,229,110,80,742,36,103,124401,36103124401,3889,0.9233736178966315,0.05888403188480329,0.028284906145538698,0.020570840833119053,0.19079454872717921
36,103,124402,3808,3647,3397,295,53,20,1170,36,103,124402,36103124402,3808,0.9577205882352942,0.07746848739495799,0.013918067226890757,0.005252100840336135,0.3072478991596639
36,103,124500,4991,4448,4231,339,148,176,1345,36,103,124500,36103124500,4991,0.8912041675015027,0.06792226006812262,0.02965337607693849,0.035263474253656585,0.26948507313163694
36,103,124601,2835,2693,2592,134,38,28,921,36,103,124601,36103124601,2835,0.9499118165784832,0.0472663139329806,0.013403880070546737,0.009876543209876543,0.32486772486772486
36,103,124602,4340,4044,3835,344,78,41,1234,36,103,124602,36103124602,4340,0.9317972350230415,0.0792626728110599,0.017972350230414748,0.00944700460829493,0.28433179723502305
36,103,134702,6298,5792,5477,456,201,79,1720,36,103,134702,36103134702,6298,0.919657033979041,0.07240393775801841,0.031914893617021274,0.012543664655446173,0.2731025722451572
36,103,134703,4035,3805,3665,159,127,39,1268,36,103,134703,36103134703,4035,0.942998760842627,0.03940520446096654,0.03147459727385378,0.009665427509293681,0.31425030978934326
36,103,134704,2661,2513,2452,86,83,31,748,36,103,134704,36103134704,2661,0.9443818113491169,0.03231867718902668,0.0311912814731304,0.011649755730928222,0.281097331830139
36,103,134902,5105,4829,4647,228,101,77,1458,36,103,134902,36103134902,5105,0.9459353574926542,0.04466209598432909,0.019784524975514202,0.015083251714005876,0.28560235063663075
36,103,134903,1323,1277,1241,53,4,12,375,36,103,134903,36103134903,1323,0.9652305366591081,0.0400604686318972,0.0030234315948601664,0.009070294784580499,0.2834467120181406
36,103,134904,6711,6218,5960,386,239,86,1846,36,103,134904,36103134904,6711,0.9265385188496499,0.05751750856802265,0.035613172403516614,0.012814781701683802,0.27507077931753837
36,103,134906,5552,5315,5117,240,105,32,1620,36,103,134906,36103134906,5552,0.9573126801152738,0.043227665706051875,0.018912103746397693,0.005763688760806916,0.29178674351585016
36,103,134907,4137,3948,3796,178,56,69,1163,36,103,134907,36103134907,4137,0.9543147208121827,0.043026347594875516,0.01353637901861252,0.016678752719361856,0.2811215856901136
36,103,135002,5376,5071,4865,309,125,27,1564,36,103,135002,36103135002,5376,0.9432663690476191,0.05747767857142857,0.023251488095238096,0.005022321428571429,0.29092261904761907
36,103,135003,4587,4358,4160,261,79,45,1343,36,103,135003,36103135003,4587,0.9500763025942882,0.05689993459777633,0.01722258556790931,0.009810333551340745,0.2927839546544583
36,103,135004,3221,3022,2933,106,126,25,976,36,103,135004,36103135004,3221,0.9382179447376591,0.03290903446134741,0.039118286246507296,0.00776156473144986,0.30301148711580256
36,103,135005,3375,3252,3108,180,57,13,1157,36,103,135005,36103135005,3375,0.9635555555555556,0.05333333333333334,0.016888888888888887,0.003851851851851852,0.3428148148148148
36,103,135101,3954,3557,3371,238,272,45,1215,36,103,135101,36103135101,3954,0.8995953464845726,0.06019221041982802,0.0687910976226606,0.011380880121396054,0.30728376327769347
36,103,135102,4562,4143,3982,222,238,58,1360,36,103,135102,36103135102,4562,0.9081543182814555,0.04866286716352477,0.052170100832968,0.012713722051731697,0.2981148619026743
36,103,135103,4864,4507,4358,196,233,31,1484,36,103,135103,36103135103,4864,0.9266036184210527,0.04029605263157895,0.04790296052631579,0.006373355263157895,0.3050986842105263
36,103,135104,5249,4945,4722,276,167,46,1574,36,103,135104,36103135104,5249,0.9420842065155267,0.05258144408458754,0.03181558392074681,0.008763574014097924,0.29986664126500284
36,103,135201,2096,1953,1899,74,95,4,661,36,103,135201,36103135201,2096,0.9317748091603053,0.035305343511450385,0.04532442748091603,0.0019083969465648854,0.31536259541984735
36,103,135204,4462,4211,4057,184,144,41,1375,36,103,135204,36103135204,4462,0.9437471985656656,0.041237113402061855,0.03227252353204841,0.009188704616763783,0.30815777678171224
36,103,135205,5027,4591,4400,233,321,39,1450,36,103,135205,36103135205,5027,0.9132683509051124,0.04634971155758902,0.06385518201710762,0.0077581062263775615,0.2884424109807042
36,103,135208,3084,2840,2706,172,143,32,997,36,103,135208,36103135208,3084,0.920881971465629,0.055771725032425425,0.04636835278858625,0.010376134889753566,0.3232814526588846
36,103,135209,3227,2957,2783,210,154,45,971,36,103,135209,36103135209,3227,0.916330957545708,0.0650759219088937,0.04772234273318872,0.013944840409048653,0.30089866749302757
36,103,135301,3713,3481,3330,199,126,26,1192,36,103,135301,36103135301,3713,0.937516832749798,0.05359547535685429,0.03393482359278212,0.007002423915970913,0.32103420414758954
36,103,135303,4061,3793,3608,240,116,37,1301,36,103,135303,36103135303,4061,0.9340064023639497,0.059098744151686776,0.02856439300664861,0.00911105639005171,0.32036444225560207
36,103,135304,3401,3185,3064,167,110,21,1162,36,103,135304,36103135304,3401,0.9364892678623934,0.04910320493972361,0.032343428403410764,0.006174654513378418,0.3416642164069391
36,103,135401,6418,5924,5583,439,275,72,1690,36,103,135401,36103135401,6418,0.9230289809909629,0.06840137114365846,0.04284823932689311,0.01121844811467747,0.2633219071361795
36,103,135402,6969,6367,6057,386,377,96,2079,36,103,135402,36103135402,6969,0.9136174487013918,0.05538814751040321,0.05409671401922801,0.013775290572535515,0.29832113646147224
36,103,135403,4333,3936,3635,394,150,110,1242,36,103,135403,36103135403,4333,0.9083775675051927,0.09093007154396492,0.03461804754211863,0.02538656819755366,0.2866374336487422
36,103,145602,6444,3197,973,4332,170,984,1149,36,103,145602,36103145602,6444,0.4961204220980757,0.6722532588454376,0.02638112973308504,0.1527001862197393,0.17830540037243947
36,103,145603,6843,2901,427,5236,86,1122,853,36,103,145603,36103145603,6843,0.42393686979395,0.7651614788835306,0.012567587315504896,0.16396317404647084,0.12465293000146135
36,103,145604,4926,2426,570,3548,162,725,735,36,103,145604,36103145604,4926,0.4924888347543646,0.7202598457166057,0.03288672350791717,0.14717823792123427,0.1492082825822168
36,103,145605,3690,2007,610,2351,70,701,606,36,103,145605,36103145605,3690,0.5439024390243903,0.6371273712737128,0.018970189701897018,0.18997289972899728,0.16422764227642275
36,103,145701,5726,4614,4263,546,628,263,1145,36,103,145701,36103145701,5726,0.8057981138665735,0.09535452322738386,0.10967516590988474,0.04593084177436256,0.19996507160321342
36,103,145702,6272,3024,895,4332,135,959,1070,36,103,145702,36103145702,6272,0.48214285714285715,0.6906887755102041,0.021524234693877552,0.15290178571428573,0.17059948979591838
36,103,145703,5916,2674,970,3657,213,1065,870,36,103,145703,36103145703,5916,0.4519945909398242,0.6181541582150102,0.03600405679513185,0.18002028397565922,0.14705882352941177
36,103,145704,7508,3298,1620,3504,523,1808,1429,36,103,145704,36103145704,7508,0.4392647842301545,0.4667021843367075,0.06965903036760789,0.24080980287693127,0.19033031433137987
36,103,145803,4815,4381,4108,357,218,102,1546,36,103,145803,36103145803,4815,0.909865005192108,0.07414330218068536,0.04527518172377985,0.02118380062305296,0.32107995846313603
36,103,145804,3335,2093,1690,944,204,467,920,36,103,145804,36103145804,3335,0.6275862068965518,0.2830584707646177,0.061169415292353826,0.14002998500749625,0.27586206896551724
36,103,145805,5803,5167,4749,615,264,116,1765,36,103,145805,36103145805,5803,0.890401516457005,0.10597966569016026,0.045493710149922456,0.019989660520420473,0.304153024297777
36,103,145807,4424,4033,3710,404,161,101,1285,36,103,145807,36103145807,4424,0.911618444846293,0.09132007233273057,0.03639240506329114,0.022830018083182642,0.2904611211573237
36,103,145808,3222,2900,2678,348,100,44,912,36,103,145808,36103145808,3222,0.9000620732464308,0.10800744878957169,0.031036623215394164,0.013656114214773432,0.28305400372439476
36,103,145901,3228,1995,1303,1269,96,553,754,36,103,145901,36103145901,3228,0.6180297397769516,0.39312267657992567,0.02973977695167286,0.17131350681536556,0.23358116480793062
36,103,145902,8465,3679,1318,5093,282,1791,1397,36,103,145902,36103145902,8465,0.43461311281748377,0.6016538688718251,0.03331364441819256,0.21157708210277615,0.16503248670998227
36,103,145903,5642,4407,3583,1368,115,514,1546,36,103,145903,36103145903,5642,0.7811059907834101,0.2424672102091457,0.020382842963488124,0.09110244594115562,0.2740163062743708
36,103,146001,5268,2515,451,4085,95,702,714,36,103,146001,36103146001,5268,0.47741078208048593,0.7754365983295368,0.0180334092634776,0.13325740318906606,0.13553530751708429
36,103,146002,5490,2363,629,3660,315,1001,896,36,103,146002,36103146002,5490,0.43041894353369764,0.6666666666666666,0.05737704918032787,0.18233151183970855,0.16320582877959927
36,103,146003,7526,3546,2177,3056,364,1929,1583,36,103,146003,36103146003,7526,0.471166622375764,0.40605899548232793,0.04836566569226681,0.2563114536274249,0.2103374966781823
36,103,146102,2710,1143,452,1749,90,413,501,36,103,146102,36103146102,2710,0.4217712177121771,0.6453874538745388,0.033210332103321034,0.15239852398523984,0.18487084870848708
36,103,146103,4122,3424,3008,719,150,236,1133,36,103,146103,36103146103,4122,0.8306647258612324,0.17442988840368753,0.036390101892285295,0.05725376031052887,0.27486656962639494
36,103,146105,6901,3181,934,4569,147,1362,992,36,103,146105,36103146105,6901,0.4609476887407622,0.6620779597159832,0.021301260686856976,0.1973627010578177,0.14374728300246342
36,103,146106,4845,2188,771,3262,75,784,686,36,103,146106,36103146106,4845,0.4515995872033024,0.6732714138286894,0.015479876160990712,0.16181630546955625,0.14158926728586171
36,103,146201,4948,2497,641,3528,37,770,830,36,103,146201,36103146201,4948,0.5046483427647535,0.7130153597413096,0.0074777687954729185,0.15561843168957154,0.1677445432497979
36,103,146202,4879,1374,291,2740,49,1791,831,36,103,146202,36103146202,4879,0.2816150850584136,0.5615904898544783,0.010043041606886656,0.367083418733347,0.17032178725148597
36,103,146203,5700,2245,871,3327,94,1446,990,36,103,146203,36103146203,5700,0.393859649122807,0.5836842105263158,0.01649122807017544,0.2536842105263158,0.1736842105263158
36,103,146204,6391,2863,901,4198,93,1234,1098,36,103,146204,36103146204,6391,0.447973713033954,0.6568612110780786,0.01455171334689407,0.19308402440932562,0.17180409951494288
36,103,146205,2216,2029,1853,264,16,42,630,36,103,146205,36103146205,2216,0.9156137184115524,0.11913357400722022,0.007220216606498195,0.01895306859205776,0.2842960288808664
36,103,146206,2395,1855,1508,595,50,222,599,36,103,146206,36103146206,2395,0.7745302713987474,0.24843423799582465,0.020876826722338204,0.09269311064718162,0.2501043841336117
36,103,146300,1918,1350,1170,286,67,380,709,36,103,146300,36103146300,1918,0.7038581856100105,0.14911366006256518,0.034932221063607924,0.1981230448383733,0.36965589155370177
36,103,146402,4001,3599,3304,470,82,119,1148,36,103,146402,36103146402,4001,0.8995251187203199,0.11747063234191452,0.020494876280929768,0.029742564358910272,0.28692826793301673
36,103,146403,4957,2132,695,2806,119,1315,863,36,103,146403,36103146403,4957,0.4300988501109542,0.5660681864030663,0.024006455517450072,0.265281420213839,0.17409723623159168
36,103,146404,3572,1964,1066,1618,93,795,759,36,103,146404,36103146404,3572,0.5498320268756999,0.45296752519596867,0.026035834266517358,0.22256438969764838,0.21248600223964165
36,103,146500,5389,4986,4627,478,124,100,1512,36,103,146500,36103146500,5389,0.9252180367415105,0.08869920207830767,0.023009834848766005,0.018556318426424197,0.28057153460753387
36,103,146604,4612,3992,3700,443,308,122,1044,36,103,146604,36103146604,4612,0.8655680832610582,0.09605377276669558,0.06678230702515178,0.02645273200346921,0.2263660017346054
36,103,146605,1021,896,798,134,51,14,275,36,103,146605,36103146605,1021,0.8775710088148874,0.13124387855044076,0.04995102840352596,0.013712047012732615,0.2693437806072478
36,103,146606,7634,7282,6905,518,111,54,2158,36,103,146606,36103146606,7634,0.9538904899135446,0.06785433586586324,0.014540214828399267,0.00707361802462667,0.28268273513230285
36,103,146607,2546,2279,2156,205,121,48,681,36,103,146607,36103146607,2546,0.8951296150824823,0.0805184603299293,0.04752553024351924,0.018853102906520033,0.26747839748625296
36,103,146608,2595,2377,2210,231,83,51,498,36,103,146608,36103146608,2595,0.9159922928709056,0.08901734104046242,0.03198458574181118,0.019653179190751446,0.19190751445086704
36,103,146611,3225,2872,2692,233,193,67,798,36,103,146611,36103146611,3225,0.8905426356589148,0.07224806201550388,0.05984496124031008,0.020775193798449613,0.2474418604651163
36,103,146612,5087,4771,4444,433,123,35,1494,36,103,146612,36103146612,5087,0.9378808728130529,0.08511893060743071,0.024179280518969924,0.006880283074503637,0.2936897975230981
36,103,146613,3722,3476,3242,314,97,28,1051,36,103,146613,36103146613,3722,0.9339065018807093,0.08436324556689952,0.026061257388500805,0.007522837184309511,0.28237506716818916
36,103,146614,5803,5335,4998,433,260,83,1958,36,103,146614,36103146614,5803,0.9193520592796829,0.07461657763225918,0.044804411511287265,0.014302946751680165,0.33741168361192486
36,103,146615,5048,4462,4140,438,252,142,979,36,103,146615,36103146615,5048,0.8839144215530903,0.08676703645007924,0.04992076069730586,0.028129952456418382,0.19393819334389858
36,103,146703,4122,2693,2069,1279,195,538,1025,36,103,146703,36103146703,4122,0.6533236293061621,0.31028626880155263,0.04730713245997089,0.13051916545366327,0.24866569626394955
36,103,146704,2017,1892,1806,97,64,25,622,36,103,146704,36103146704,2017,0.9380267724343084,0.0480912245909767,0.03173029251363411,0.012394645513138325,0.3083787803668815
36,103,146705,3468,3340,3199,172,64,14,1041,36,103,146705,36103146705,3468,0.9630911188004614,0.049596309111880045,0.01845444059976932,0.004036908881199538,0.30017301038062283
36,103,146706,2694,2500,2317,240,56,55,771,36,103,146706,36103146706,2694,0.9279881217520416,0.08908685968819599,0.020786933927245732,0.020415738678544914,0.28619153674832964
36,103,146800,6007,5776,5453,376,92,16,1758,36,103,146800,36103146800,6007,0.9615448643249542,0.06259364075245546,0.015315465290494424,0.002663559180955552,0.29265856500749127
36,103,146901,5450,5282,5018,295,69,16,1619,36,103,146901,36103146901,5450,0.9691743119266055,0.05412844036697248,0.012660550458715596,0.0029357798165137615,0.2970642201834862
36,103,146902,4293,4143,4043,124,53,32,1236,36,103,146902,36103146902,4293,0.9650593990216632,0.028884230142091776,0.012345679012345678,0.007453994875378523,0.28791055206149546
36,103,147001,4406,4246,4033,253,85,18,1285,36,103,147001,36103147001,4406,0.9636858828869723,0.057421697684975036,0.01929187471629596,0.0040853381752156154,0.29164775306400365
36,103,147003,4648,4282,4027,343,105,102,1611,36,103,147003,36103147003,4648,0.9212564543889845,0.07379518072289157,0.022590361445783132,0.021944922547332185,0.34660068846815834
36,103,147004,317,308,295,16,1,4,110,36,103,147004,36103147004,317,0.9716088328075709,0.050473186119873815,0.0031545741324921135,0.012618296529968454,0.3470031545741325
36,103,147100,3103,2925,2810,159,50,47,1021,36,103,147100,36103147100,3103,0.942636158556236,0.051240734772800514,0.016113438607798906,0.01514663229133097,0.32903641637125364
36,103,147200,6088,3965,3146,1549,147,1177,1045,36,103,147200,36103147200,6088,0.651281208935611,0.25443495400788435,0.02414586070959264,0.1933311432325887,0.1716491458607096
36,103,147300,7081,4140,3149,2128,229,1550,1170,36,103,147300,36103147300,7081,0.5846631831662195,0.30052252506708094,0.03234006496257591,0.21889563620957492,0.16523089959045334
36,103,147401,6283,5298,4763,876,213,353,1606,36,103,147401,36103147401,6283,0.843227757440713,0.13942384211363998,0.033901002705713834,0.05618335190195766,0.25561037720833996
36,103,147402,3673,3545,3438,126,36,22,1219,36,103,147402,36103147402,3673,0.965151102640893,0.03430438333787095,0.009801252382248844,0.005989654233596515,0.33188129594337057
36,103,147501,7857,7302,6905,604,167,100,2155,36,103,147501,36103147501,7857,0.9293623520427644,0.07687412498409062,0.02125493190785287,0.012727504136438845,0.2742777141402571
36,103,147502,6618,6381,6148,299,63,49,1959,36,103,147502,36103147502,6618,0.9641885766092475,0.04517981263221517,0.009519492293744334,0.007404049561801148,0.2960108794197643
36,103,147503,1489,1441,1389,62,27,8,445,36,103,147503,36103147503,1489,0.9677635997313633,0.041638683680322364,0.018132975151108125,0.005372733378106112,0.2988582941571524
36,103,147601,2607,2507,2420,100,28,42,783,36,103,147601,36103147601,2607,0.9616417337936325,0.038358266206367474,0.010740314537782892,0.01611047180667434,0.3003452243958573
36,103,147602,5367,5187,5007,214,74,50,1699,36,103,147602,36103147602,5367,0.9664617104527669,0.03987329979504379,0.01378796348052916,0.009316191540898081,0.3165641885597168
36,103,147701,3556,3354,3192,206,96,33,918,36,103,147701,36103147701,3556,0.9431946006749157,0.05793025871766029,0.02699662542182227,0.009280089988751405,0.25815523059617546
36,103,147702,5011,4849,4693,183,55,36,1485,36,103,147702,36103147702,5011,0.9676711235282379,0.03651965675513869,0.010975853123129115,0.007184194771502694,0.29634803432448614
36,103,147802,3905,3751,3622,162,52,33,1130,36,103,147802,36103147802,3905,0.9605633802816902,0.04148527528809219,0.013316261203585146,0.008450704225352112,0.2893725992317542
36,103,147803,3234,3010,2840,205,92,68,842,36,103,147803,36103147803,3234,0.9307359307359307,0.06338899196042053,0.02844774273345702,0.021026592455163882,0.2603586889301175
36,103,147804,6158,5966,5761,241,69,49,1824,36,103,147804,36103147804,6158,0.968821045794089,0.039136083143877884,0.01120493666774927,0.007957128937966872,0.2962000649561546
36,103,147901,4515,4172,3944,321,100,106,971,36,103,147901,36103147901,4515,0.924031007751938,0.07109634551495017,0.0221483942414175,0.023477297895902548,0.2150609080841639
36,103,147902,4381,4247,4128,149,51,22,1351,36,103,147902,36103147902,4381,0.9694133759415658,0.03401049988587081,0.011641177813284638,0.005021684546907099,0.308377082857795
36,103,158001,4770,4373,4197,204,228,56,1535,36,103,158001,36103158001,4770,0.9167714884696017,0.042767295597484274,0.04779874213836478,0.011740041928721174,0.3218029350104822
36,103,158002,6315,5721,5528,272,327,95,2005,36,103,158002,36103158002,6315,0.9059382422802851,0.043072050673000795,0.05178147268408551,0.015043547110055424,0.3174980205859066
36,103,158006,6961,5985,5755,323,640,147,2258,36,103,158006,36103158006,6961,0.859790260020112,0.04640137911219652,0.09194081310156586,0.02111765550926591,0.3243786812239621
36,103,158007,9216,5600,5304,612,1890,1290,23,36,103,158007,36103158007,9216,0.6076388888888888,0.06640625,0.205078125,0.13997395833333334,0.002495659722222222
36,103,158009,2742,2474,2362,128,210,23,832,36,103,158009,36103158009,2742,0.9022611232676878,0.046681254558716266,0.07658643326039387,0.008388037928519328,0.30342815463165573
36,103,158010,3719,3357,3245,147,244,43,1125,36,103,158010,36103158010,3719,0.9026620059155687,0.0395267545038989,0.06560903468674374,0.01156224791610648,0.30250067222371607
36,103,158011,4972,4234,3978,294,556,58,1634,36,103,158011,36103158011,4972,0.8515687851971038,0.05913113435237329,0.11182622687047465,0.01166532582461786,0.32864038616251007
36,103,158102,4931,4309,3798,739,165,184,1272,36,103,158102,36103158102,4931,0.8738592577570472,0.1498681808963699,0.033461772459947275,0.03731494625836544,0.25795984587304804
36,103,158103,4397,3574,3157,721,214,267,1075,36,103,158103,36103158103,4397,0.8128269274505344,0.16397543779849896,0.048669547418694566,0.060723220377530134,0.24448487605185354
36,103,158104,5568,4829,4424,686,234,165,1576,36,103,158104,36103158104,5568,0.8672772988505747,0.12320402298850575,0.04202586206896552,0.029633620689655173,0.28304597701149425
36,103,158107,4166,3534,3317,328,385,84,1294,36,103,158107,36103158107,4166,0.8482957273163706,0.07873259721555449,0.09241478636581853,0.020163226116178587,0.3106096975516083
36,103,158108,2940,2162,2009,205,592,105,740,36,103,158108,36103158108,2940,0.7353741496598639,0.06972789115646258,0.20136054421768707,0.03571428571428571,0.25170068027210885
36,103,158110,3697,3090,2852,503,194,118,986,36,103,158110,36103158110,3697,0.8358128212063836,0.1360562618339194,0.052474979713281036,0.03191777116581011,0.26670273194482014
36,103,158111,3285,2876,2597,425,109,103,892,36,103,158111,36103158111,3285,0.8754946727549467,0.1293759512937595,0.033181126331811264,0.03135464231354642,0.2715372907153729
36,103,158112,4242,3601,3225,627,212,124,1065,36,103,158112,36103158112,4242,0.8488920320603489,0.1478076379066478,0.04997642621404998,0.029231494578029232,0.25106082036775107
36,103,158114,3643,3395,3166,291,102,66,915,36,103,158114,36103158114,3643,0.9319242382651661,0.07987922042272852,0.027998902003842988,0.018116936590721933,0.2511666209168268
36,103,158115,6384,5730,5388,487,312,138,1772,36,103,158115,36103158115,6384,0.8975563909774437,0.0762844611528822,0.04887218045112782,0.021616541353383457,0.2775689223057644
36,103,158116,1969,1553,1435,203,169,143,653,36,103,158116,36103158116,1969,0.7887252412392077,0.10309801929913662,0.08583037074657186,0.07262569832402235,0.33164042661249366
36,103,158202,7838,6679,5998,1158,420,195,2005,36,103,158202,36103158202,7838,0.8521306455728502,0.14774177085991325,0.05358509823934677,0.024878795611125288,0.2558050523092626
36,103,158203,1609,1487,1391,108,88,12,491,36,103,158203,36103158203,1609,0.9241765071472965,0.06712243629583592,0.05469235550031075,0.0074580484773151025,0.30515848353014297
36,103,158205,1953,1857,1756,128,64,4,579,36,103,158205,36103158205,1953,0.9508448540706606,0.06554019457245264,0.03277009728622632,0.002048131080389145,0.2964669738863287
36,103,158206,3772,3361,3172,332,147,78,928,36,103,158206,36103158206,3772,0.8910392364793213,0.088016967126193,0.03897136797454931,0.020678685047720042,0.24602332979851538
36,103,158207,4770,4232,4098,199,351,56,1510,36,103,158207,36103158207,4770,0.8872117400419287,0.04171907756813417,0.07358490566037736,0.011740041928721174,0.3165618448637317
36,103,158304,6941,6631,6380,315,107,65,2117,36,103,158304,36103158304,6941,0.9553378475723959,0.045382509724823515,0.015415646160495606,0.00936464486385247,0.3049992796427028
36,103,158306,5982,5587,5351,300,139,132,1911,36,103,158306,36103158306,5982,0.9339685723838181,0.05015045135406219,0.023236375794048813,0.022066198595787363,0.3194583751253761
36,103,158308,8206,6919,6070,1540,279,244,2015,36,103,158308,36103158308,8206,0.8431635388739946,0.1876675603217158,0.03399951255179137,0.029734340726297832,0.24555203509627102
36,103,158309,4431,3437,3031,595,183,570,975,36,103,158309,36103158309,4431,0.7756714060031595,0.13428120063191154,0.04129993229519296,0.12863913337846988,0.22004062288422477
36,103,158310,4473,4046,3823,320,85,188,1468,36,103,158310,36103158310,4473,0.9045383411580594,0.07154035323049407,0.019002906326849988,0.042029957522915266,0.32819137044489155
36,103,158315,4629,3626,3262,614,210,453,1543,36,103,158315,36103158315,4629,0.7833225318643335,0.13264203931734717,0.04536616979909268,0.09786130913804278,0.3333333333333333
36,103,158317,5815,5455,5142,371,110,74,1688,36,103,158317,36103158317,5815,0.938091143594153,0.06380051590713672,0.018916595012897677,0.012725709372312984,0.2902837489251935
36,103,158318,4515,4329,4141,232,72,42,1339,36,103,158318,36103158318,4515,0.9588039867109635,0.051384274640088594,0.015946843853820596,0.009302325581395349,0.2965669988925803
36,103,158319,3739,3054,2757,437,279,208,1056,36,103,158319,36103158319,3739,0.8167959347419096,0.11687617009895694,0.07461888205402514,0.05562984755282161,0.2824284568066328
36,103,158320,6247,5432,5016,594,200,323,1942,36,103,158320,36103158320,6247,0.8695373779414118,0.09508564110773171,0.03201536737634064,0.05170481831279014,0.31086921722426764
36,103,158321,9754,7520,6678,1322,711,869,1604,36,103,158321,36103158321,9754,0.7709657576378921,0.13553413984006563,0.07289317203198688,0.08909165470576173,0.16444535575148658
36,103,158322,2200,1811,1713,155,268,23,782,36,103,158322,36103158322,2200,0.8231818181818182,0.07045454545454545,0.12181818181818181,0.010454545454545454,0.35545454545454547
36,103,158323,7381,6803,6455,429,272,163,2102,36,103,158323,36103158323,7381,0.921690827801111,0.05812220566318927,0.03685137515241837,0.022083728492074246,0.28478525944993904
36,103,158401,1308,1222,1156,78,28,15,387,36,103,158401,36103158401,1308,0.9342507645259939,0.05963302752293578,0.021406727828746176,0.011467889908256881,0.2958715596330275
36,103,158402,4481,4281,4128,172,95,59,1364,36,103,158402,36103158402,4481,0.9553671055567954,0.03838428922115599,0.021200624860522203,0.01316670386074537,0.30439634010265565
36,103,158403,2170,1796,1648,212,111,161,708,36,103,158403,36103158403,2170,0.8276497695852535,0.09769585253456221,0.05115207373271889,0.07419354838709677,0.3262672811059908
36,103,158405,5005,4704,4439,334,104,76,1494,36,103,158405,36103158405,5005,0.9398601398601398,0.06673326673326674,0.02077922077922078,0.015184815184815185,0.2985014985014985
36,103,158407,5963,5598,5292,410,102,81,1674,36,103,158407,36103158407,5963,0.9387892000670803,0.06875733691095086,0.017105483816870704,0.013583766560456146,0.28073117558276034
36,103,158408,4025,3706,3481,362,44,85,1130,36,103,158408,36103158408,4025,0.9207453416149068,0.08993788819875777,0.01093167701863354,0.02111801242236025,0.28074534161490683
36,103,158409,3875,3503,3347,231,96,163,1338,36,103,158409,36103158409,3875,0.904,0.05961290322580645,0.024774193548387096,0.04206451612903226,0.3452903225806452
36,103,158410,3504,3403,3333,84,21,58,1916,36,103,158410,36103158410,3504,0.971175799086758,0.023972602739726026,0.0059931506849315065,0.016552511415525113,0.5468036529680366
36,103,158502,3706,3357,3164,275,127,110,703,36,103,158502,36103158502,3706,0.9058283864004317,0.0742039935240151,0.03426875337290879,0.029681597409606044,0.18969239071775498
36,103,158505,4386,3827,3551,376,297,135,1087,36,103,158505,36103158505,4386,0.8725490196078431,0.08572731418148655,0.0677154582763338,0.030779753761969904,0.24783401732786137
36,103,158506,2614,2452,2339,162,63,23,749,36,103,158506,36103158506,2614,0.9380260137719969,0.06197398622800306,0.02410099464422341,0.008798775822494262,0.2865340474368783
36,103,158507,3804,3227,2974,420,232,109,1008,36,103,158507,36103158507,3804,0.8483175604626709,0.11041009463722397,0.060988433228180865,0.028654048370136697,0.26498422712933756
36,103,158508,6183,5488,5108,579,287,125,1685,36,103,158508,36103158508,6183,0.8875950185993854,0.09364386220281416,0.046417596635937246,0.020216723273491832,0.27252142972666993
36,103,158509,4847,4102,3725,668,263,151,1109,36,103,158509,36103158509,4847,0.846296678357747,0.13781720651949658,0.054260367237466474,0.031153290695275428,0.22880132040437384
36,103,158510,7316,6370,5764,935,284,240,1754,36,103,158510,36103158510,7316,0.8706943685073811,0.12780207763805357,0.038819026790595956,0.03280481137233461,0.23974849644614543
36,103,158511,6145,5519,4994,732,233,112,1686,36,103,158511,36103158511,6145,0.8981285598047193,0.11912123677786819,0.03791700569568755,0.01822620016273393,0.2743694060211554
36,103,158512,3536,3267,3033,340,103,36,1005,36,103,158512,36103158512,3536,0.9239253393665159,0.09615384615384616,0.0291289592760181,0.010180995475113122,0.28421945701357465
36,103,158604,4940,4504,4148,462,200,96,1381,36,103,158604,36103158604,4940,0.9117408906882591,0.09352226720647773,0.04048582995951417,0.019433198380566803,0.27955465587044537
36,103,158605,4952,4485,4143,443,201,91,1399,36,103,158605,36103158605,4952,0.9056946688206785,0.08945880452342488,0.04058966074313409,0.018376413570274638,0.28251211631663975
36,103,158606,4969,4483,3999,673,134,85,1286,36,103,158606,36103158606,4969,0.9021936003219964,0.1354397263030791,0.026967196619038035,0.017106057556852485,0.25880458844837995
36,103,158607,3355,3040,2690,478,107,49,868,36,103,158607,36103158607,3355,0.9061102831594635,0.14247391952309985,0.03189269746646796,0.014605067064083458,0.2587183308494784
36,103,158608,4064,3387,3027,479,315,144,877,36,103,158608,36103158608,4064,0.8334153543307087,0.11786417322834646,0.07750984251968504,0.03543307086614173,0.2157972440944882
36,103,158609,4516,4037,3652,520,220,90,1177,36,103,158609,36103158609,4516,0.8939326837909655,0.11514614703277236,0.048715677590788306,0.019929140832595216,0.2606288751107175
36,103,158704,8344,5638,4894,1542,223,1561,2166,36,103,158704,36103158704,8344,0.6756951102588686,0.18480345158197506,0.026725790987535955,0.18708053691275167,0.25958772770853306
36,103,158705,4042,1162,783,1012,78,2139,807,36,103,158705,36103158705,4042,0.28748144482929244,0.2503711034141514,0.01929737753587333,0.5291934685799109,0.19965363681345868
36,103,158707,1671,1494,1388,164,16,70,499,36,103,158707,36103158707,1671,0.8940754039497307,0.09814482345900659,0.009575104727707959,0.041891083183722325,0.29862357869539197
36,103,158708,3840,2926,2663,442,175,507,1074,36,103,158708,36103158708,3840,0.7619791666666667,0.11510416666666666,0.045572916666666664,0.13203125,0.2796875
36,103,158709,2120,1930,1810,178,58,73,785,36,103,158709,36103158709,2120,0.910377358490566,0.08396226415094339,0.027358490566037737,0.03443396226415094,0.37028301886792453
36,103,158710,3686,3027,2818,315,108,391,1005,36,103,158710,36103158710,3686,0.8212154096581661,0.08545849158979923,0.02930005425935974,0.10607704829083017,0.27265328269126426
36,103,158711,5277,4108,3616,851,205,539,1525,36,103,158711,36103158711,5277,0.7784726170172447,0.16126587075990145,0.03884783020655676,0.10214136820162971,0.28898995641462955
36,103,158712,7820,6200,5184,1757,209,546,1935,36,103,158712,36103158712,7820,0.7928388746803069,0.22468030690537083,0.02672634271099744,0.06982097186700767,0.24744245524296676
36,103,158802,4773,4551,4402,200,79,36,1489,36,103,158802,36103158802,4773,0.9534883720930233,0.04190236748376283,0.016551435156086317,0.00754242614707731,0.3119631259166143
36,103,158803,6381,5715,5224,703,309,119,1891,36,103,158803,36103158803,6381,0.8956276445698167,0.1101708196207491,0.04842501175364363,0.018649114558846575,0.2963485347124275
36,103,158804,7246,6300,5383,1491,129,164,1942,36,103,158804,36103158804,7246,0.8694452111509798,0.20576869997239858,0.017802925752139112,0.02263317692520011,0.26800993651669885
36,103,158900,7119,5247,4205,2268,128,436,1480,36,103,158900,36103158900,7119,0.7370417193426043,0.3185840707964602,0.017980053378283466,0.06124455681977806,0.20789436718640258
36,103,159000,4679,3747,3091,1220,57,246,1083,36,103,159000,36103159000,4679,0.8008121393460141,0.2607394742466339,0.012182090190211584,0.05257533661038683,0.2314597136140201
36,103,159102,6803,5339,4594,1505,186,415,1235,36,103,159102,36103159102,6803,0.7848008231662502,0.2212259297368808,0.027340879023960016,0.0610024988975452,0.18153755696016463
36,103,159103,6037,2323,1340,2121,72,2292,953,36,103,159103,36103159103,6037,0.38479377174093093,0.35133344376345865,0.011926453536524764,0.379658770912705,0.15785986417094583
36,103,159105,7174,5938,5067,1356,237,407,1395,36,103,159105,36103159105,7174,0.8277111792584332,0.18901589071647618,0.03303596320044606,0.05673264566490103,0.1944521884583217
36,103,159106,6887,5226,4201,1432,253,899,1151,36,103,159106,36103159106,6887,0.7588209670393495,0.2079279802526499,0.03673587919268186,0.13053579207201974,0.1671264701611732
36,103,159107,3691,3391,3064,483,57,71,1051,36,103,159107,36103159107,3691,0.9187212137632078,0.13085884584123544,0.015442969384990518,0.019235979409374153,0.28474668111622864
36,103,159108,7354,6408,5607,1215,156,302,1994,36,103,159108,36103159108,7354,0.8713625237965733,0.1652162088659233,0.021212945335871633,0.04106608648354637,0.2711449551264618
36,103,159201,3074,2634,2255,715,45,50,817,36,103,159201,36103159201,3074,0.8568640208197787,0.23259596616785946,0.014638906961613532,0.01626545217957059,0.2657774886141835
36,103,159203,5418,5022,4797,375,56,119,1750,36,103,159203,36103159203,5418,0.9269102990033222,0.06921373200442968,0.0103359173126615,0.021963824289405683,0.32299741602067183
36,103,159204,4226,3558,3365,376,35,377,1196,36,103,159204,36103159204,4226,0.8419309039280644,0.0889730241362991,0.008282063416942735,0.08920965451964032,0.28300993847610034
36,103,159300,2084,1963,1896,87,27,35,775,36,103,159300,36103159300,2084,0.9419385796545106,0.041746641074856046,0.012955854126679463,0.016794625719769675,0.3718809980806142
36,103,159404,7313,5351,4494,1734,213,699,1348,36,103,159404,36103159404,7313,0.7317106522630932,0.23711199234240393,0.02912621359223301,0.09558320798577875,0.18432927663065773
36,103,159406,4279,3626,3202,719,51,226,810,36,103,159406,36103159406,4279,0.8473942509932227,0.16802991353119887,0.01191867258705305,0.052816078523019394,0.18929656461790137
36,103,159407,6562,5623,4955,1063,135,333,1754,36,103,159407,36103159407,6562,0.856903383114904,0.16199329472721732,0.020572996037793355,0.05074672355989028,0.2672965559280707
36,103,159408,4501,3693,3191,815,127,298,1080,36,103,159408,36103159408,4501,0.8204843368140413,0.18107087313930237,0.0282159520106643,0.06620750944234614,0.23994667851588536
36,103,159410,7819,6955,6550,569,126,472,2224,36,103,159410,36103159410,7819,0.8894999360532038,0.07277145415014707,0.01611459265890779,0.0603657756746387,0.28443534978897556
36,103,159411,3382,3077,2759,401,47,115,881,36,103,159411,36103159411,3382,0.9098166765227675,0.11856889414547606,0.013897102306327618,0.03400354819633353,0.26049674748669427
36,103,159412,7928,7472,7113,500,139,102,2282,36,103,159412,36103159412,7928,0.9424823410696267,0.06306760847628658,0.01753279515640767,0.012865792129162463,0.28784056508577194
36,103,159505,7998,6757,6080,1198,215,366,2127,36,103,159505,36103159505,7998,0.8448362090522631,0.14978744686171544,0.026881720430107527,0.04576144036009002,0.2659414853713428
36,103,159506,8793,6625,5740,1705,243,1000,2089,36,103,159506,36103159506,8793,0.7534402365518026,0.19390424201069031,0.027635619242579325,0.11372682815876266,0.23757534402365518
36,103,159508,7464,6114,5444,1093,79,729,1894,36,103,159508,36103159508,7464,0.8191318327974276,0.14643622722400856,0.010584137191854234,0.09766881028938906,0.2537513397642015
36,103,159509,3150,2408,2107,555,55,355,728,36,103,159509,36103159509,3150,0.7644444444444445,0.1761904761904762,0.01746031746031746,0.1126984126984127,0.2311111111111111
36,103,159510,82,70,69,3,0,8,31,36,103,159510,36103159510,82,0.8536585365853658,0.036585365853658534,0.0,0.0975609756097561,0.3780487804878049
36,103,159511,6734,4834,4113,1463,139,714,1624,36,103,159511,36103159511,6734,0.7178497178497178,0.21725571725571727,0.020641520641520642,0.10602910602910603,0.24116424116424118
36,103,159512,2316,1892,1700,371,57,150,586,36,103,159512,36103159512,2316,0.8169257340241797,0.16018998272884283,0.02461139896373057,0.06476683937823834,0.25302245250431776
36,103,159601,6212,5900,5668,308,94,69,2072,36,103,159601,36103159601,6212,0.9497746297488732,0.049581455247907275,0.015132002575660013,0.011107533805537669,0.33354797166773986
36,103,159602,4249,4024,3884,223,32,60,1339,36,103,159602,36103159602,4249,0.9470463638503177,0.0524829371616851,0.007531183807954813,0.014120969639915274,0.3151329724641092
36,103,169701,7719,7292,7031,349,80,157,2481,36,103,169701,36103169701,7719,0.9446819536209353,0.045213110506542295,0.010364036792330613,0.020339422204948828,0.32141469102215314
36,103,169703,1642,1590,1509,98,12,15,626,36,103,169703,36103169703,1642,0.9683313032886723,0.05968331303288672,0.007308160779537149,0.009135200974421437,0.3812423873325213
36,103,169704,7058,6018,5688,729,121,450,2478,36,103,169704,36103169704,7058,0.8526494757721734,0.10328705015585152,0.017143666761122132,0.06375743836780957,0.3510909606120714
36,103,169800,6156,3823,2844,2198,112,881,1118,36,103,169800,36103169800,6156,0.6210201429499675,0.357050032488629,0.018193632228719947,0.1431124106562703,0.1816114359974009
36,103,169901,5443,3914,3570,765,35,940,1533,36,103,169901,36103169901,5443,0.7190887378284034,0.14054749219180598,0.006430277420540143,0.1726988792945067,0.2816461510196583
36,103,169902,5488,5089,4779,510,22,136,1834,36,103,169902,36103169902,5488,0.9272959183673469,0.09293002915451895,0.004008746355685131,0.02478134110787172,0.33418367346938777
36,103,170001,5613,5230,4991,412,43,90,1855,36,103,170001,36103170001,5613,0.9317655442722252,0.07340103331551755,0.007660787457687511,0.016034206306787813,0.3304828077676822
36,103,170002,4381,4129,3925,334,29,90,1507,36,103,170002,36103170002,4381,0.9424788860990642,0.0762383017575896,0.0066194932663775395,0.02054325496461995,0.3439853914631363
36,103,170101,2197,1460,1177,746,14,229,390,36,103,170101,36103170101,2197,0.6645425580336823,0.3395539371870733,0.0063723258989531175,0.10423304506144743,0.17751479289940827
36,103,170201,5748,5395,5123,482,47,46,2028,36,103,170201,36103170201,5748,0.9385873347251218,0.0838552540013918,0.008176757132915796,0.008002783576896311,0.35281837160751567
36,103,170202,4029,3555,3407,408,33,131,1457,36,103,170202,36103170202,4029,0.8823529411764706,0.10126582278481013,0.008190618019359643,0.03251427153139737,0.3616281955820303
36,103,180300,2392,2258,2199,116,10,28,884,36,103,180300,36103180300,2392,0.9439799331103679,0.048494983277591976,0.004180602006688963,0.011705685618729096,0.3695652173913043
36,103,190401,7953,4866,3541,2661,60,1521,1585,36,103,190401,36103190401,7953,0.6118445869483213,0.33459072048283667,0.007544322897019992,0.1912485854394568,0.19929586319627812
36,103,190402,2752,2346,2169,375,32,135,693,36,103,190402,36103190402,2752,0.8524709302325582,0.13626453488372092,0.011627906976744186,0.04905523255813953,0.25181686046511625
36,103,190403,3702,3107,2494,1084,31,75,829,36,103,190403,36103190403,3702,0.8392760669908158,0.29281469475958943,0.008373851971907077,0.02025931928687196,0.22393300918422473
36,103,190502,2537,2153,1840,495,35,113,670,36,103,190502,36103190502,2537,0.8486401261332283,0.1951123374063855,0.013795821836815136,0.04454079621600315,0.2640914465904612
36,103,190503,3368,3161,3019,249,24,35,1052,36,103,190503,36103190503,3368,0.9385391923990499,0.07393111638954869,0.007125890736342043,0.010391923990498812,0.31235154394299286
36,103,190504,1846,1724,1673,115,20,11,553,36,103,190504,36103190504,1846,0.933911159263272,0.06229685807150596,0.010834236186348862,0.005958829902491874,0.29956663055254606
36,103,190601,4438,4105,3876,394,58,70,1467,36,103,190601,36103190601,4438,0.9249662009914376,0.08877872915727805,0.013068949977467327,0.015772870662460567,0.3305543037404236
36,103,190603,4566,3752,3105,1329,23,64,1187,36,103,190603,36103190603,4566,0.8217257993867718,0.29106438896189224,0.005037231712658782,0.01401664476565922,0.25996495838808586
36,103,190604,4394,3806,3113,1147,46,45,1168,36,103,190604,36103190604,4394,0.8661811561219845,0.2610377787892581,0.010468821119708694,0.010241238051888939,0.2658170232134729
36,103,190704,3141,2597,2423,360,47,265,1066,36,103,190704,36103190704,3141,0.8268067494428526,0.11461318051575932,0.014963387456224133,0.08436803565743393,0.3393823623049984
36,103,190705,4163,3039,2308,1105,42,100,1030,36,103,190705,36103190705,4163,0.7300024021138602,0.26543358155176555,0.010088878212827288,0.024021138601969732,0.24741772760028827
36,103,190706,4794,4284,3472,996,75,171,1302,36,103,190706,36103190706,4794,0.8936170212765957,0.20775969962453067,0.015644555694618274,0.03566958698372966,0.2715894868585732
36,103,190707,4669,4403,4151,383,56,35,1552,36,103,190707,36103190707,4669,0.9430284857571214,0.0820304133647462,0.01199400299850075,0.0074962518740629685,0.33240522595844935
36,103,190708,2020,1948,1818,141,32,12,674,36,103,190708,36103190708,2020,0.9643564356435643,0.06980198019801981,0.015841584158415842,0.005940594059405941,0.3336633663366337
36,103,190800,3109,2544,2187,503,55,307,865,36,103,190800,36103190800,3109,0.8182695400450306,0.1617883563846896,0.017690575747828882,0.09874557735606304,0.2782245094885815
36,103,200901,1083,1004,931,128,12,8,385,36,103,200901,36103200901,1083,0.9270544783010157,0.11819021237303785,0.0110803324099723,0.007386888273314866,0.3554939981532779
36,103,200902,6410,5540,4777,1179,84,258,2105,36,103,200902,36103200902,6410,0.8642745709828393,0.18393135725429016,0.013104524180967239,0.04024960998439937,0.328393135725429
36,103,201001,6592,5490,3945,2410,101,109,1780,36,103,201001,36103201001,6592,0.8328276699029126,0.36559466019417475,0.015321601941747573,0.01653519417475728,0.2700242718446602
36,103,201003,4046,3160,2267,1406,57,253,1012,36,103,201003,36103201003,4046,0.7810182896688087,0.34750370736529906,0.014087988136431043,0.06253089471082551,0.25012357884330205
36,103,201004,3326,3003,2644,537,30,94,1043,36,103,201004,36103201004,3326,0.9028863499699339,0.161455201443175,0.009019843656043296,0.02826217678893566,0.3135898977751052
36,103,201100,6415,3624,1567,3896,153,859,1087,36,103,201100,36103201100,6415,0.5649259547934529,0.6073265783320343,0.023850350740452067,0.13390491036632893,0.16944660950896337
36,103,990100,0,0,0,0,0,0,0,36,103,990100,36103990100,0,0.0,0.0,0.0,0.0,0.0
