state,county,tract,P0010001,P0030002,P0050003,P0040003,P0070006,P0030005,P0030003,H0160002,state,county,tract,geoid,prop_white,prop_white_not_hisp,prop_hisp_lat,prop_cambodian,prop_asian,prop_black_afr_am,prop_owner_occ
25,017,300100,3074,2986,2954,57,23,10,12,1014,25,017,300100,25017300100,0.9713728041639558,0.9609629147690306,0.018542615484710475,0.007482108002602472,0.0032530904359141183,0.003903708523096942,0.3298633702016916
25,017,301101,4024,3845,3781,91,65,49,36,1223,25,017,301101,25017301101,0.9555168986083499,0.9396123260437376,0.022614314115308152,0.016153081510934395,0.012176938369781311,0.008946322067594433,0.3039264413518887
25,017,301102,4902,4779,4725,72,39,26,20,1553,25,017,301102,25017301102,0.9749082007343941,0.9638922888616891,0.014687882496940025,0.00795593635250918,0.005303957568339453,0.004079967360261118,0.3168094655242758
25,017,310100,5267,3526,2854,1402,333,299,566,526,25,017,310100,25017310100,0.6694513005505981,0.5418644389595595,0.26618568445035123,0.06322384659198785,0.056768558951965066,0.10746155306626162,0.099867097019176
25,017,310200,5976,4238,3720,1113,508,455,524,1170,25,017,310200,25017310200,0.7091700133868809,0.6224899598393574,0.18624497991967873,0.08500669344042838,0.07613788487282463,0.08768406961178045,0.19578313253012047
25,017,310300,6016,3983,3322,1415,554,504,614,1072,25,017,310300,25017310300,0.6620678191489362,0.5521941489361702,0.23520611702127658,0.0920877659574468,0.08377659574468085,0.10206117021276596,0.17819148936170212
25,017,310400,3245,1877,1371,1123,439,429,286,428,25,017,310400,25017310400,0.5784283513097073,0.4224961479198767,0.3460708782742681,0.1352850539291217,0.13220338983050847,0.08813559322033898,0.13189522342064716
25,017,310500,3449,2423,2231,433,511,485,233,508,25,017,310500,25017310500,0.7025224702812409,0.6468541606262684,0.12554363583647435,0.1481588866338069,0.14062046970136272,0.06755581327921137,0.14728906929544797
25,017,310601,5746,4226,3876,611,920,869,270,1357,25,017,310601,25017310601,0.7354681517577445,0.6745562130177515,0.10633484162895927,0.16011138183083884,0.15123564218586844,0.04698920988513749,0.2361642882004873
25,017,310602,5825,4356,4076,567,741,694,361,1296,25,017,310602,25017310602,0.7478111587982833,0.6997424892703863,0.09733905579399142,0.12721030042918455,0.11914163090128756,0.06197424892703863,0.2224892703862661
25,017,310700,4441,2267,2059,776,1206,1171,258,423,25,017,310700,25017310700,0.510470614726413,0.4636343165953614,0.1747354199504616,0.2715604593560009,0.2636793514974105,0.05809502364332358,0.0952488178338212
25,017,311100,2410,865,582,792,850,825,190,145,25,017,311100,25017311100,0.35892116182572614,0.24149377593360996,0.32863070539419087,0.35269709543568467,0.34232365145228216,0.07883817427385892,0.06016597510373444
25,017,311200,3267,835,711,481,1838,1822,207,330,25,017,311200,25017311200,0.2555861646770738,0.21763085399449036,0.14722987450260178,0.5625956535047444,0.5576981940618304,0.06336088154269973,0.10101010101010101
25,017,311300,4057,1795,1599,520,1587,1551,266,496,25,017,311300,25017311300,0.44244515651959576,0.39413359625338923,0.12817352723687453,0.39117574562484597,0.38230219373921615,0.0655656889327089,0.12225782597978802
25,017,311400,5986,3023,2659,855,1610,1544,687,754,25,017,311400,25017311400,0.505011693952556,0.4442031406615436,0.14283327764784498,0.26896090878717005,0.2579351820915469,0.11476779151353157,0.1259605746742399
25,017,311500,2974,1567,1488,244,1009,979,167,547,25,017,311500,25017311500,0.5268997982515131,0.5003362474781439,0.082044384667115,0.33927370544720914,0.3291862811028917,0.05615332885003362,0.18392737054472091
25,017,311600,5295,3272,3110,458,1416,1375,205,1234,25,017,311600,25017311600,0.6179414542020775,0.5873465533522191,0.08649669499527857,0.2674220963172805,0.25967894239848915,0.03871576959395656,0.23305004721435316
25,017,311700,5098,1881,1606,681,2481,2389,249,783,25,017,311700,25017311700,0.3689682228324833,0.31502550019615533,0.13358179678305218,0.4866614358571989,0.4686151431934092,0.048842683405256965,0.15358964299725383
25,017,311800,3513,1020,797,581,1919,1854,157,348,25,017,311800,25017311800,0.29035012809564475,0.22687161969826358,0.16538571021918588,0.5462567606034728,0.5277540563620837,0.04469114716766297,0.0990606319385141
25,017,311900,2429,1466,1224,590,327,315,178,190,25,017,311900,25017311900,0.6035405516673528,0.5039110745162618,0.2428983120625772,0.13462330177027584,0.12968299711815562,0.0732811856731165,0.07822149032523672
25,017,312000,2938,1739,1388,716,501,458,227,344,25,017,312000,25017312000,0.5918992511912866,0.472430224642614,0.24370319945541186,0.17052416609938734,0.15588835942818244,0.07726344452008169,0.11708645336963922
25,017,312100,3149,1677,1400,658,703,658,241,383,25,017,312100,25017312100,0.5325500158780565,0.4445855827246745,0.208955223880597,0.22324547475389012,0.208955223880597,0.07653223245474754,0.12162591298825023
25,017,312200,4309,2633,2364,598,949,924,299,1020,25,017,312200,25017312200,0.6110466465537248,0.5486191691807843,0.1387792991413321,0.22023671385472268,0.21443490368995127,0.06938964957066605,0.23671385472267348
25,017,312300,4931,3834,3573,496,477,437,250,1267,25,017,312300,25017312300,0.777529912796593,0.7245994727235855,0.10058811600081119,0.09673494220239302,0.08862299736361792,0.05069965524234435,0.2569458527682012
25,017,312400,2354,1396,959,970,193,183,200,179,25,017,312400,25017312400,0.5930331350892099,0.40739167374681395,0.41206457094307564,0.08198810535259134,0.07774001699235344,0.08496176720475786,0.07604078164825828
25,017,312501,4464,3666,3457,402,318,298,190,1254,25,017,312501,25017312501,0.821236559139785,0.7744175627240143,0.09005376344086022,0.07123655913978495,0.0667562724014337,0.04256272401433692,0.28091397849462363
25,017,312502,3960,3496,3323,274,191,171,100,1159,25,017,312502,25017312502,0.8828282828282829,0.8391414141414142,0.0691919191919192,0.04823232323232323,0.04318181818181818,0.025252525252525252,0.2926767676767677
25,017,313101,5488,5004,4933,127,359,318,35,1691,25,017,313101,25017313101,0.9118075801749271,0.8988702623906706,0.02314139941690962,0.06541545189504373,0.05794460641399417,0.006377551020408163,0.3081268221574344
25,017,313102,5804,5386,5304,138,235,217,85,1764,25,017,313102,25017313102,0.9279807029634735,0.9138525155065472,0.02377670572019297,0.04048931771192281,0.037388008270158514,0.014645072363886975,0.3039283252929014
25,017,314101,6055,5391,5269,215,271,248,243,1664,25,017,314101,25017314101,0.8903385631709331,0.8701899256812552,0.03550784475639967,0.04475639966969447,0.040957886044591246,0.040132122213047065,0.27481420313790256
25,017,314102,7223,6384,6213,296,426,367,198,2232,25,017,314102,25017314102,0.8838432784161706,0.860168904887166,0.040980202132078085,0.05897826387927454,0.05080991277862384,0.027412432507268446,0.3090128755364807
25,017,314200,5233,4825,4679,240,167,159,86,1506,25,017,314200,25017314200,0.9220332505255112,0.8941333842919931,0.04586279380852284,0.03191286069176381,0.030384100898146377,0.01643416778138735,0.2877890311484808
25,017,314301,8011,7211,7049,338,381,346,179,2422,25,017,314301,25017314301,0.9001373111971039,0.8799151167145175,0.04219198601922357,0.04755960554237923,0.043190612907252526,0.022344276619647985,0.3023342903507677
25,017,314302,2935,2799,2755,60,73,66,31,865,25,017,314302,25017314302,0.9536626916524702,0.938671209540034,0.020442930153321975,0.024872231686541738,0.022487223168654175,0.010562180579216355,0.29471890971039183
25,017,315100,5456,5109,5036,111,196,178,54,1707,25,017,315100,25017315100,0.936400293255132,0.9230205278592375,0.02034457478005865,0.03592375366568915,0.03262463343108504,0.009897360703812317,0.312866568914956
25,017,315200,7585,7060,6954,157,323,298,99,2385,25,017,315200,25017315200,0.930784442979565,0.9168094924192485,0.020698747528015822,0.04258404746209624,0.03928806855636124,0.013052076466710614,0.31443638760711934
25,017,315401,3532,3275,3171,116,130,113,87,1183,25,017,315401,25017315401,0.9272366930917327,0.8977916194790487,0.03284258210645526,0.03680634201585504,0.03199320498301246,0.02463193657984145,0.3349377123442809
25,017,315402,2921,2784,2749,50,71,62,28,918,25,017,315402,25017315402,0.953098254022595,0.9411160561451558,0.017117425539198903,0.024306744265662445,0.021225607668606643,0.009585758301951387,0.3142759328996919
25,017,315403,1745,1684,1672,19,22,16,22,503,25,017,315403,25017315403,0.9650429799426934,0.9581661891117479,0.010888252148997135,0.012607449856733524,0.009169054441260744,0.012607449856733524,0.2882521489971347
25,017,315500,7722,7415,7304,149,142,119,31,2495,25,017,315500,25017315500,0.9602434602434602,0.9458689458689459,0.019295519295519297,0.01838901838901839,0.015410515410515411,0.004014504014504015,0.3231028231028231
25,017,316101,5108,4901,4836,92,109,94,36,1521,25,017,316101,25017316101,0.9594753328112764,0.9467501957713391,0.018010963194988253,0.02133907595927956,0.01840250587314017,0.007047768206734534,0.2977682067345341
25,017,316102,6060,5730,5658,103,188,165,69,1815,25,017,316102,25017316102,0.9455445544554455,0.9336633663366337,0.016996699669966996,0.031023102310231022,0.027227722772277228,0.011386138613861386,0.2995049504950495
25,017,316201,4104,3814,3769,73,206,192,29,1309,25,017,316201,25017316201,0.9293372319688109,0.9183723196881092,0.017787524366471734,0.05019493177387914,0.04678362573099415,0.007066276803118908,0.3189571150097466
25,017,316202,4290,3709,3647,100,413,384,75,1316,25,017,316202,25017316202,0.8645687645687645,0.8501165501165501,0.023310023310023312,0.09627039627039627,0.08951048951048951,0.017482517482517484,0.3067599067599068
25,017,316300,8172,6897,6734,241,831,762,239,2056,25,017,316300,25017316300,0.8439794419970631,0.8240332843857073,0.029490944689182574,0.10168869309838473,0.09324522760646109,0.02924620655898189,0.25159079784630445
25,017,316400,6570,5830,5663,227,343,309,301,1824,25,017,316400,25017316400,0.8873668188736682,0.8619482496194825,0.034550989345509896,0.052207001522070015,0.047031963470319633,0.04581430745814308,0.2776255707762557
25,017,316500,5939,5404,5261,199,326,288,100,1618,25,017,316500,25017316500,0.9099174945276982,0.885839366896784,0.03350732446539822,0.054891395857888534,0.04849301229163159,0.016837851490149856,0.2724364371106247
25,017,317101,6139,5326,5238,126,646,611,83,1945,25,017,317101,25017317101,0.867568007818863,0.8532334256393549,0.020524515393386546,0.10522886463593419,0.09952761035999348,0.013520117282945105,0.3168268447629907
25,017,317102,4353,3736,3666,100,501,471,74,1301,25,017,317102,25017317102,0.8582586721801057,0.8421778084079945,0.02297266253158741,0.11509303928325293,0.1082012405237767,0.016999770273374685,0.2988743395359522
25,017,317103,4895,4523,4467,76,311,283,21,1667,25,017,317103,25017317103,0.9240040858018386,0.9125638406537283,0.015526046986721144,0.06353421859039837,0.05781409601634321,0.004290091930541369,0.34055158324821244
25,017,317201,2849,2689,2646,52,115,109,14,980,25,017,317201,25017317201,0.9438399438399439,0.9287469287469288,0.018252018252018252,0.040365040365040364,0.03825903825903826,0.004914004914004914,0.343980343980344
25,017,317202,3388,3122,3070,63,225,182,14,1150,25,017,317202,25017317202,0.9214876033057852,0.9061393152302243,0.01859504132231405,0.06641086186540732,0.05371900826446281,0.004132231404958678,0.33943329397874855
25,017,317203,4003,3557,3513,56,360,332,40,1314,25,017,317203,25017317203,0.8885835623282539,0.877591806145391,0.013989507869098177,0.0899325505870597,0.08293779665251062,0.009992505620784412,0.3282538096427679
25,017,317301,2627,2148,2091,85,405,392,32,803,25,017,317301,25017317301,0.8176627331556909,0.7959649790635707,0.03235629996193377,0.15416825275980206,0.14921964217738864,0.01218119527978683,0.30567186905215077
25,017,317302,5548,4843,4764,128,523,466,80,1854,25,017,317302,25017317302,0.8729271809661139,0.8586878154289834,0.023071377072819033,0.09426820475847152,0.08399423215573179,0.014419610670511895,0.3341744772891132
25,017,318100,6674,5401,5340,89,1179,1124,19,2122,25,017,318100,25017318100,0.8092598142043752,0.8001198681450404,0.013335331135750673,0.1766556787533713,0.16841474378184,0.0028468684447108183,0.3179502547198082
25,017,318200,3853,3372,3317,68,419,382,26,1137,25,017,318200,25017318200,0.8751622112639502,0.8608876200363353,0.017648585517778353,0.1087464313521931,0.0991435245263431,0.006747988580327018,0.2950947313781469
25,017,318300,7516,6512,6411,121,918,826,22,2419,25,017,318300,25017318300,0.866418307610431,0.852980308674827,0.016098988823842468,0.1221394358701437,0.10989888238424694,0.002927088877062267,0.3218467269824375
25,017,318400,3908,3393,3357,55,462,430,16,1106,25,017,318400,25017318400,0.8682190378710338,0.859007164790174,0.014073694984646877,0.11821903787103377,0.11003070624360287,0.0040941658137154556,0.28300921187308087
25,017,320102,5040,4667,4592,88,283,224,44,1580,25,017,320102,25017320102,0.9259920634920635,0.9111111111111111,0.01746031746031746,0.05615079365079365,0.044444444444444446,0.00873015873015873,0.3134920634920635
25,017,320103,2795,2501,2463,55,233,213,31,815,25,017,320103,25017320103,0.8948121645796064,0.881216457960644,0.01967799642218247,0.08336314847942755,0.07620751341681574,0.0110912343470483,0.29159212880143115
25,017,320104,7090,6734,6632,124,247,218,48,2084,25,017,320104,25017320104,0.9497884344146685,0.9354019746121297,0.017489421720733426,0.03483779971791255,0.0307475317348378,0.006770098730606488,0.29393511988716503
25,017,321100,6992,5814,5543,457,488,437,209,1933,25,017,321100,25017321100,0.8315217391304348,0.7927631578947368,0.0653604118993135,0.06979405034324943,0.0625,0.029891304347826088,0.27645881006864986
25,017,321200,6267,5052,4781,455,307,267,166,1554,25,017,321200,25017321200,0.8061273336524652,0.7628849529280357,0.07260252114249242,0.04898675602361577,0.04260411680229775,0.026487952768469762,0.24796553374820487
25,017,321300,7497,5900,5202,1366,208,177,263,1324,25,017,321300,25017321300,0.7869814592503668,0.6938775510204082,0.1822062158196612,0.027744431105775645,0.023609443777511004,0.035080698946245166,0.17660397492330265
25,017,321400,3297,2918,2828,161,202,186,50,831,25,017,321400,25017321400,0.8850470124355475,0.8577494692144374,0.04883227176220807,0.06126781922960267,0.056414922656960874,0.015165301789505611,0.25204731574158323
25,017,321500,6898,5397,4799,1225,246,207,216,1410,25,017,321500,25017321500,0.7824006958538707,0.6957089011307626,0.17758770658161785,0.03566251087271673,0.03000869817338359,0.031313424180922006,0.204407074514352
25,017,321600,7548,6066,5800,510,714,659,157,1869,25,017,321600,25017321600,0.8036565977742448,0.7684154742978272,0.06756756756756757,0.0945945945945946,0.08730789613142555,0.020800211976682564,0.24761526232114467
25,017,322100,4671,4401,4335,118,136,116,31,1587,25,017,322100,25017322100,0.9421965317919075,0.9280667951188183,0.02526225647612931,0.029115821023335473,0.024834082637550846,0.006636694497966175,0.3397559409120103
25,017,322200,3687,3353,3270,135,109,82,65,1098,25,017,322200,25017322200,0.9094114456197451,0.886899918633035,0.03661513425549227,0.029563330621101166,0.022240303770002714,0.01762950908597776,0.2978030919446705
25,017,322300,6090,5489,5235,376,181,162,124,1583,25,017,322300,25017322300,0.9013136288998358,0.8596059113300493,0.06174055829228243,0.029720853858784892,0.026600985221674877,0.020361247947454843,0.2599343185550082
25,017,322400,4615,4231,4105,185,87,71,69,1186,25,017,322400,25017322400,0.9167930660888407,0.8894907908992417,0.04008667388949079,0.01885157096424702,0.015384615384615385,0.01495124593716143,0.256988082340195
25,017,323100,6590,6169,6079,122,274,218,44,2158,25,017,323100,25017323100,0.9361153262518969,0.9224582701062215,0.01851289833080425,0.04157814871016692,0.0330804248861912,0.006676783004552352,0.3274658573596358
25,017,324101,4761,4459,4410,61,220,181,31,1494,25,017,324101,25017324101,0.9365679479101029,0.9262759924385633,0.012812434362528881,0.04620877966813695,0.03801722327242176,0.006511237135055661,0.31379962192816635
25,017,324102,4163,3869,3829,60,203,171,23,1310,25,017,324102,25017324102,0.929377852510209,0.9197693970694211,0.01441268316118184,0.04876291136199856,0.04107614700936824,0.0055248618784530384,0.3146769156858035
25,017,325100,7427,6260,6045,421,325,270,439,1861,25,017,325100,25017325100,0.84287060724384,0.8139221758448902,0.05668506799515282,0.043759256765854314,0.03635384408240205,0.05910865760064629,0.2505722364346304
25,017,326101,3896,3683,3636,69,136,106,21,1098,25,017,326101,25017326101,0.9453285420944558,0.9332648870636551,0.01771047227926078,0.03490759753593429,0.027207392197125257,0.0053901437371663245,0.2818275154004107
25,017,326102,6750,6428,6328,124,235,188,25,2030,25,017,326102,25017326102,0.9522962962962963,0.9374814814814815,0.01837037037037037,0.03481481481481481,0.027851851851851853,0.003703703703703704,0.30074074074074075
25,017,327101,3586,3475,3440,48,51,36,13,1098,25,017,327101,25017327101,0.9690462911321807,0.9592861126603458,0.013385387618516454,0.01422197434467373,0.010039040713887339,0.003625209146681539,0.30619074177356387
25,017,327102,4333,4132,4073,89,82,64,46,1110,25,017,327102,25017327102,0.9536118162935611,0.9399953842603277,0.02054004154165705,0.01892453265635818,0.014770366951303947,0.010616201246249712,0.25617355181167784
25,017,327103,3578,3475,3433,57,63,34,1,1112,25,017,327103,25017327103,0.9712129681386249,0.9594745667970933,0.01593068753493572,0.01760760201229737,0.009502515371716043,0.00027948574622694243,0.31078814980436
25,017,328100,3179,3031,2993,44,118,98,7,996,25,017,328100,25017328100,0.9534444793960365,0.9414910349166404,0.01384083044982699,0.03711859075180875,0.030827304183705568,0.002201950298836112,0.31330607109153824
25,017,330100,8231,7940,7841,121,204,168,26,2645,25,017,330100,25017330100,0.9646458510509052,0.9526181508929656,0.014700522415259385,0.0247843518406026,0.020410642692260964,0.0031587899404689587,0.3213461304823229
25,017,330200,6661,6234,6150,110,264,229,58,1963,25,017,330200,25017330200,0.9358955111845069,0.9232847920732623,0.016514036931391682,0.03963368863534004,0.03437922233898814,0.008707401291097433,0.29470049542110793
25,017,331101,3011,2742,2704,57,187,161,36,859,25,017,331101,25017331101,0.9106609099966788,0.898040518100299,0.01893058784456991,0.06210561275323813,0.05347060777150448,0.01195616074393889,0.28528727997343073
25,017,331102,6971,6600,6516,129,236,204,49,2042,25,017,331102,25017331102,0.9467795151341271,0.9347295940324201,0.018505235977621576,0.033854540238129394,0.029264094104145745,0.007029120642662459,0.29292784392483145
25,017,331200,5346,4989,4939,75,238,204,45,1592,25,017,331200,25017331200,0.9332210998877666,0.9238683127572016,0.014029180695847363,0.04451926674148896,0.038159371492704826,0.008417508417508417,0.29779274223718666
25,017,331300,6997,6538,6441,142,309,262,44,2134,25,017,331300,25017331300,0.9344004573388595,0.9205373731599257,0.020294411890810347,0.04416178362155209,0.037444619122481065,0.006288409318279262,0.3049878519365442
25,017,332100,5972,5133,5066,83,711,650,79,1934,25,017,332100,25017332100,0.8595110515740121,0.848292029470864,0.013898191560616209,0.11905559276624246,0.108841259209645,0.013228399196249163,0.3238446081714668
25,017,332200,8376,6383,6194,295,1380,1315,376,1903,25,017,332200,25017332200,0.7620582617000955,0.7394937917860553,0.0352196752626552,0.16475644699140402,0.15699617956064948,0.044890162368672396,0.22719675262655206
25,017,332300,6677,5323,5250,105,1016,956,259,1935,25,017,332300,25017332300,0.7972143178073985,0.7862812640407368,0.015725625280814736,0.15216414557435975,0.14317807398532276,0.03878987569267635,0.28980080874644304
25,017,332400,3473,2946,2882,95,376,350,87,894,25,017,332400,25017332400,0.8482579902101929,0.829830118053556,0.027353872732507917,0.10826374892024186,0.10077742585660812,0.025050388712928303,0.25741433918802187
25,017,333100,7399,6423,6306,177,580,546,264,2273,25,017,333100,25017333100,0.8680902824706042,0.8522773347749696,0.0239221516421138,0.07838897148263278,0.07379375591296121,0.03568049736450872,0.30720367617245575
25,017,333200,5364,4778,4685,162,270,254,184,1347,25,017,333200,25017333200,0.8907531692766593,0.8734153616703952,0.030201342281879196,0.050335570469798654,0.04735272184936615,0.0343027591349739,0.2511185682326622
25,017,333300,4063,3410,3260,299,168,155,221,830,25,017,333300,25017333300,0.8392813192222496,0.8023627861186315,0.07359094265321191,0.04134875707605218,0.038149150873738616,0.05439330543933055,0.2042825498400197
25,017,333400,6229,5168,4977,352,474,445,292,1526,25,017,333400,25017333400,0.8296676834162787,0.7990046556429603,0.05650987317386418,0.07609568148980575,0.07144003852945899,0.04687750842831915,0.2449831433616953
25,017,333501,5001,4473,4341,211,212,191,170,1441,25,017,333501,25017333501,0.8944211157768446,0.8680263947210558,0.042191561687662464,0.04239152169566087,0.03819236152769446,0.033993201359728054,0.2881423715256949
25,017,333502,3273,2726,2607,243,175,155,129,656,25,017,333502,25017333502,0.8328750381912619,0.7965169569202566,0.07424381301558204,0.05346776657500764,0.04735716468072105,0.03941338221814849,0.20042774213260006
25,017,333600,6791,5129,4954,280,1088,1029,332,1401,25,017,333600,25017333600,0.7552643204240908,0.7294949197467236,0.04123104108378737,0.16021204535414518,0.15152407598291856,0.04888823442791931,0.20630245913709322
25,017,334100,6718,6187,6104,126,353,310,95,1731,25,017,334100,25017334100,0.920958618636499,0.9086037511164037,0.018755582018457874,0.05254540041679071,0.0461446859184281,0.014141113426615065,0.2576659720154808
25,017,334200,3968,3770,3726,70,131,108,19,1123,25,017,334200,25017334200,0.9501008064516129,0.9390120967741935,0.017641129032258066,0.033014112903225805,0.02721774193548387,0.004788306451612903,0.2830141129032258
25,017,334300,7605,7290,7220,90,244,213,27,2340,25,017,334300,25017334300,0.9585798816568047,0.9493754109138725,0.011834319526627219,0.03208415516107824,0.028007889546351084,0.0035502958579881655,0.3076923076923077
25,017,334400,6456,5894,5827,92,444,400,47,2054,25,017,334400,25017334400,0.9129491945477075,0.9025712515489467,0.014250309789343246,0.0687732342007435,0.061957868649318466,0.007280049566294919,0.3181536555142503
25,017,335100,5728,5477,5397,124,113,99,55,1576,25,017,335100,25017335100,0.9561801675977654,0.942213687150838,0.02164804469273743,0.019727653631284914,0.017283519553072627,0.00960195530726257,0.2751396648044693
25,017,335200,5637,5360,5272,111,165,149,56,1746,25,017,335200,25017335200,0.9508603867305304,0.935249246052865,0.019691325172964343,0.02927088877062267,0.026432499556501687,0.009934362249423453,0.30973922299095263
25,017,335301,3852,3548,3483,114,158,135,53,1036,25,017,335301,25017335301,0.9210799584631361,0.9042056074766355,0.029595015576323987,0.04101765316718588,0.035046728971962614,0.013759086188992731,0.26895119418483904
25,017,335302,4621,4337,4258,113,193,156,19,1435,25,017,335302,25017335302,0.9385414412464834,0.921445574550963,0.024453581475871025,0.041765851547284134,0.033758926639255574,0.004111664141960614,0.31053884440597274
25,017,335400,5094,4851,4771,113,143,121,46,1537,25,017,335400,25017335400,0.9522968197879859,0.936592069100903,0.022182960345504515,0.02807224185316058,0.0237534354142128,0.009030231645072634,0.3017275225755791
25,017,336100,5360,4982,4878,126,213,173,87,1581,25,017,336100,25017336100,0.9294776119402985,0.9100746268656716,0.023507462686567164,0.039738805970149255,0.032276119402985075,0.01623134328358209,0.2949626865671642
25,017,336200,6142,5820,5743,105,209,169,56,1938,25,017,336200,25017336200,0.9475740801042006,0.9350374470856399,0.017095408661673722,0.03402800390752198,0.02751546727450342,0.009117551286225985,0.3155323998697493
25,017,336300,6664,6256,6158,143,217,171,93,2053,25,017,336300,25017336300,0.9387755102040817,0.9240696278511404,0.02145858343337335,0.032563025210084036,0.025660264105642257,0.013955582232893157,0.3080732292917167
25,017,336401,4260,3453,3373,156,393,360,256,878,25,017,336401,25017336401,0.8105633802816902,0.7917840375586854,0.036619718309859155,0.09225352112676057,0.08450704225352113,0.06009389671361502,0.20610328638497652
25,017,336402,4557,4083,4009,133,181,149,164,1022,25,017,336402,25017336402,0.8959842001316656,0.8797454465657231,0.029185867895545316,0.03971911345183234,0.032696949747640994,0.03598858898398069,0.22427035330261136
25,017,337101,3095,2868,2827,78,102,81,58,857,25,017,337101,25017337101,0.9266558966074313,0.9134087237479807,0.025201938610662358,0.03295638126009693,0.02617124394184168,0.018739903069466882,0.27689822294022615
25,017,337102,5042,4672,4612,95,226,213,53,1685,25,017,337102,25017337102,0.9266164220547402,0.9147163823879413,0.018841729472431575,0.04482348274494248,0.042245140817136054,0.010511701705672352,0.33419278064260216
25,017,337201,3192,2953,2898,80,114,103,57,857,25,017,337201,25017337201,0.925125313283208,0.9078947368421053,0.02506265664160401,0.03571428571428571,0.03226817042606516,0.017857142857142856,0.26848370927318294
25,017,337202,4849,4534,4459,138,167,156,52,1462,25,017,337202,25017337202,0.9350381521963291,0.9195710455764075,0.028459476180655804,0.034440090740358836,0.032171581769437,0.010723860589812333,0.30150546504433906
25,017,337300,5259,4740,4608,243,189,174,159,1304,25,017,337300,25017337300,0.901312036508842,0.8762122076440388,0.04620650313747861,0.03593839132915003,0.03308613804905876,0.030233884768967486,0.24795588514926792
25,017,338100,2964,2439,2385,72,446,377,36,868,25,017,338100,25017338100,0.8228744939271255,0.8046558704453441,0.024291497975708502,0.150472334682861,0.12719298245614036,0.012145748987854251,0.29284750337381915
25,017,338200,3869,2901,2837,100,780,714,101,1036,25,017,338200,25017338200,0.7498061514603257,0.7332644094081158,0.025846471956577927,0.20160248126130784,0.1845438097699664,0.026104936676143706,0.2677694494701473
25,017,338300,3180,2977,2927,56,153,123,29,887,25,017,338300,25017338300,0.9361635220125786,0.920440251572327,0.01761006289308176,0.048113207547169815,0.038679245283018866,0.009119496855345912,0.2789308176100629
25,017,338400,5745,5145,5075,86,534,471,20,1880,25,017,338400,25017338400,0.8955613577023499,0.8833768494342907,0.014969538729329853,0.09295039164490862,0.08198433420365535,0.0034812880765883376,0.32724107919930373
25,017,338500,5616,5163,5085,91,368,313,35,1686,25,017,338500,25017338500,0.9193376068376068,0.905448717948718,0.016203703703703703,0.06552706552706553,0.055733618233618235,0.006232193732193732,0.3002136752136752
25,017,339100,6442,5751,5641,162,292,247,244,1896,25,017,339100,25017339100,0.8927351754113629,0.8756597330021733,0.025147469729897547,0.04532753803166718,0.03834212977336231,0.03787643588947532,0.2943185346165787
25,017,339200,5830,5406,5324,119,208,168,120,1801,25,017,339200,25017339200,0.9272727272727272,0.9132075471698113,0.020411663807890223,0.03567753001715266,0.02881646655231561,0.02058319039451115,0.3089193825042882
25,017,339300,2890,1637,1580,134,150,114,899,678,25,017,339300,25017339300,0.5664359861591696,0.5467128027681661,0.04636678200692042,0.05190311418685121,0.03944636678200692,0.3110726643598616,0.23460207612456746
25,017,339400,3326,2794,2703,153,183,156,205,595,25,017,339400,25017339400,0.8400481058328322,0.8126879134095009,0.046001202645820805,0.0550210463018641,0.04690318701142514,0.06163559831629585,0.1788935658448587
25,017,339500,5399,4355,4185,236,493,409,323,881,25,017,339500,25017339500,0.806630857566216,0.7751435451009446,0.04371179848120022,0.09131320614928691,0.07575476940174106,0.05982589368401556,0.1631783663641415
25,017,339600,5024,3865,3737,272,334,301,485,873,25,017,339600,25017339600,0.7693073248407644,0.7438296178343949,0.054140127388535034,0.06648089171974522,0.059912420382165606,0.09653662420382166,0.17376592356687898
25,017,339700,3878,2681,2539,281,300,280,567,660,25,017,339700,25017339700,0.6913357400722022,0.6547189272821041,0.07246003094378546,0.07735946364105209,0.07220216606498195,0.14620938628158844,0.1701908200103146
25,017,339801,4410,2885,2781,219,970,946,299,945,25,017,339801,25017339801,0.6541950113378685,0.6306122448979592,0.04965986394557823,0.2199546485260771,0.2145124716553288,0.06780045351473923,0.21428571428571427
25,017,339802,4557,3044,2904,285,515,484,717,947,25,017,339802,25017339802,0.6679833223612025,0.6372613561553654,0.06254114549045425,0.1130129471143296,0.10621022602589422,0.15734035549703754,0.2078121571209129
25,017,339900,5171,4093,3936,263,259,236,437,1094,25,017,339900,25017339900,0.7915296847805067,0.7611680526010443,0.05086056855540515,0.05008702378650164,0.045639141365306515,0.0845097660027074,0.21156449429510732
25,017,340000,2594,1879,1793,163,146,127,343,500,25,017,340000,25017340000,0.7243639167309175,0.6912104857363146,0.06283731688511951,0.05628373168851195,0.048959136468774096,0.13222821896684656,0.19275250578257516
25,017,340100,6652,5743,5666,160,423,397,300,2158,25,017,340100,25017340100,0.863349368610944,0.8517739025856885,0.024052916416115455,0.06358989777510524,0.05968129885748647,0.04509921828021648,0.3244137101623572
25,017,341101,3675,2291,2214,160,934,908,316,888,25,017,341101,25017341101,0.6234013605442177,0.6024489795918367,0.04353741496598639,0.25414965986394555,0.2470748299319728,0.08598639455782313,0.2416326530612245
25,017,341102,4564,2721,2596,241,1170,1143,458,674,25,017,341102,25017341102,0.5961875547765119,0.5687992988606485,0.0528045574057844,0.2563540753724803,0.25043821209465383,0.10035056967572305,0.1476774758983348
25,017,341200,6857,3767,3569,439,1773,1754,800,1094,25,017,341200,25017341200,0.5493656117835788,0.520490010208546,0.06402216712848184,0.25856788683097565,0.2557969957707452,0.11666909727285985,0.15954499052063584
25,017,341300,5439,2297,2174,224,2183,2100,700,405,25,017,341300,25017341300,0.4223202794631366,0.39970582827725687,0.04118404118404118,0.4013605442176871,0.3861003861003861,0.1287001287001287,0.07446221731936017
25,017,341400,6212,3459,3127,708,941,906,1142,1081,25,017,341400,25017341400,0.5568254990341275,0.5033805537669027,0.11397295556986478,0.151481004507405,0.14584674822923374,0.18383773341918866,0.17401802962009014
25,017,341500,4780,2162,1857,666,939,913,1124,770,25,017,341500,25017341500,0.45230125523012554,0.38849372384937236,0.13933054393305438,0.19644351464435147,0.19100418410041842,0.23514644351464434,0.16108786610878661
25,017,341600,6564,3982,3770,368,1239,1194,924,1380,25,017,341600,25017341600,0.6066422912858014,0.5743449116392444,0.056063375990249846,0.18875685557586838,0.18190127970749542,0.14076782449725778,0.21023765996343693
25,017,341700,5298,3742,3439,473,479,456,804,1200,25,017,341700,25017341700,0.7063042657606644,0.649112872782182,0.089278973197433,0.09041147602869007,0.08607021517553794,0.15175537938844846,0.22650056625141562
25,017,341800,6554,3428,3047,824,1077,1056,1313,944,25,017,341800,25017341800,0.5230393652731157,0.46490692706743975,0.12572474824534635,0.16432712847116265,0.16112297833384193,0.20033567287152884,0.14403417760146475
25,017,341901,1387,932,854,127,177,170,172,317,25,017,341901,25017341901,0.6719538572458543,0.6157173756308579,0.09156452775775054,0.12761355443403027,0.12256669069935111,0.1240086517664023,0.22855082912761354
25,017,341902,8120,4910,4564,762,1431,1371,1043,1229,25,017,341902,25017341902,0.604679802955665,0.5620689655172414,0.0938423645320197,0.17623152709359605,0.1688423645320197,0.12844827586206897,0.15135467980295567
25,017,342101,4457,2983,2563,897,188,178,609,733,25,017,342101,25017342101,0.6692842719317927,0.575050482387256,0.2012564505272605,0.042180839129459274,0.039937177473636974,0.1366389948395782,0.16446039937177473
25,017,342102,4066,2689,2349,689,162,140,675,611,25,017,342102,25017342102,0.661337924249877,0.5777176586325627,0.1694540088539105,0.03984259714707329,0.03443187407771766,0.1660108214461387,0.15027053615346778
25,017,342201,5268,3282,2751,1107,186,184,985,808,25,017,342201,25017342201,0.623006833712984,0.5222095671981777,0.2101366742596811,0.03530751708428246,0.03492786636294609,0.18697798025816248,0.1533788914198937
25,017,342202,3833,2522,2173,718,256,243,522,706,25,017,342202,25017342202,0.657970258283329,0.5669188625097834,0.18732063657709366,0.06678841638403339,0.0633968171145317,0.1361857552830681,0.1841899295590921
25,017,342300,6826,4312,3805,1345,307,276,876,1050,25,017,342300,25017342300,0.6317023146791679,0.5574274831526517,0.1970407266334603,0.04497509522414298,0.04043363609727513,0.12833284500439496,0.15382361558745972
25,017,342400,6055,3689,3130,1277,413,391,760,840,25,017,342400,25017342400,0.6092485549132948,0.5169281585466556,0.21090008257638315,0.06820809248554913,0.06457473162675474,0.1255161023947151,0.13872832369942195
25,017,342500,6797,4165,3464,1582,357,337,966,894,25,017,342500,25017342500,0.6127703398558187,0.5096366043842872,0.23274974253347064,0.05252317198764161,0.04958069736648522,0.14212152420185376,0.13152861556569076
25,017,342600,4365,2535,2081,1177,262,256,569,556,25,017,342600,25017342600,0.5807560137457045,0.47674684994272626,0.26964490263459334,0.06002290950744559,0.058648339060710195,0.13035509736540665,0.12737686139747995
25,017,350103,1210,948,905,111,67,63,88,231,25,017,350103,25017350103,0.7834710743801653,0.7479338842975206,0.09173553719008265,0.05537190082644628,0.05206611570247934,0.07272727272727272,0.19090909090909092
25,017,350104,7275,3982,3377,1665,622,586,1113,727,25,017,350104,25017350104,0.5473539518900343,0.46419243986254294,0.2288659793814433,0.08549828178694158,0.08054982817869416,0.15298969072164947,0.09993127147766323
25,017,350200,6567,4442,4117,882,609,549,582,1054,25,017,350200,25017350200,0.6764123648545759,0.6269224912440993,0.13430790315212426,0.09273640931932389,0.08359981726815897,0.08862494289629969,0.16049946703213036
25,017,350300,2441,1821,1669,264,201,183,191,507,25,017,350300,25017350300,0.746005735354363,0.6837361736993036,0.10815239655878738,0.0823433019254404,0.07496927488734126,0.07824662023760753,0.20770176157312578
25,017,350400,5568,4908,4778,181,424,332,131,865,25,017,350400,25017350400,0.8814655172413793,0.858117816091954,0.032507183908045974,0.07614942528735633,0.05962643678160919,0.023527298850574713,0.15535201149425287
25,017,350500,1629,1457,1425,44,113,86,35,258,25,017,350500,25017350500,0.894413750767342,0.8747697974217311,0.027010435850214856,0.06936771025168816,0.05279312461632903,0.021485573971761818,0.15837937384898712
25,017,350600,4572,3703,3584,188,639,548,113,365,25,017,350600,25017350600,0.8099300087489064,0.7839020122484689,0.04111986001749781,0.13976377952755906,0.11986001749781278,0.024715660542432197,0.07983377077865267
25,017,350700,6048,4579,4380,475,411,334,682,758,25,017,350700,25017350700,0.7571097883597884,0.7242063492063492,0.07853835978835978,0.0679563492063492,0.055224867724867725,0.11276455026455026,0.12533068783068782
25,017,350800,1828,1482,1433,77,151,123,151,357,25,017,350800,25017350800,0.8107221006564551,0.7839168490153173,0.04212253829321663,0.0826039387308534,0.06728665207877461,0.0826039387308534,0.19529540481400437
25,017,350900,3314,2898,2811,127,292,235,66,513,25,017,350900,25017350900,0.8744719372359686,0.848219674109837,0.038322269161134584,0.08811104405552203,0.07091128545564272,0.019915509957754977,0.1547978273989137
25,017,351000,6450,5331,5135,309,746,681,180,867,25,017,351000,25017351000,0.8265116279069767,0.796124031007752,0.04790697674418604,0.11565891472868217,0.1055813953488372,0.027906976744186046,0.1344186046511628
25,017,351100,5622,4636,4467,301,485,440,285,870,25,017,351100,25017351100,0.824617573817147,0.7945570971184632,0.05353966559943081,0.08626823194592671,0.07826396300249022,0.05069370330843116,0.15474919957310565
25,017,351203,4241,3377,3239,212,554,496,142,557,25,017,351203,25017351203,0.7962744635699127,0.7637349681678849,0.049988210327752886,0.13062956849799576,0.11695354869134639,0.033482669181796744,0.13133694883282246
25,017,351204,4129,2957,2784,346,553,503,256,550,25,017,351204,25017351204,0.7161540324533785,0.6742552676192782,0.08379752966820053,0.1339307338338581,0.12182126422862678,0.06200048437878421,0.1332041656575442
25,017,351300,4233,3248,3089,313,325,290,254,549,25,017,351300,25017351300,0.7673045121663123,0.7297424994094023,0.07394283014410584,0.0767776990314198,0.06850933144342074,0.060004724781478856,0.12969525159461376
25,017,351403,4028,2300,1899,1174,366,348,337,449,25,017,351403,25017351403,0.5710029791459782,0.4714498510427011,0.2914597815292949,0.09086395233366434,0.08639523336643495,0.0836643495531281,0.11146971201588877
25,017,351404,4289,2434,2005,936,573,542,343,593,25,017,351404,25017351404,0.5674982513406388,0.4674749358824901,0.21823268827232456,0.13359757519235252,0.12636978316623923,0.0799720214502215,0.13826066682210306
25,017,351500,2310,1491,1262,412,303,267,212,325,25,017,351500,25017351500,0.6454545454545455,0.5463203463203463,0.17835497835497835,0.13116883116883116,0.11558441558441558,0.09177489177489177,0.1406926406926407
25,017,352101,1654,1073,895,232,403,373,107,356,25,017,352101,25017352101,0.6487303506650545,0.5411124546553809,0.14026602176541716,0.24365175332527206,0.22551390568319227,0.06469165659008465,0.21523579201934703
25,017,352102,2277,1745,1668,127,350,322,93,674,25,017,352102,25017352102,0.7663592446201142,0.7325428194993412,0.05577514273166447,0.15371102327624067,0.1414141414141414,0.04084321475625823,0.29600351339481773
25,017,352200,1849,1251,1160,190,273,259,190,276,25,017,352200,25017352200,0.6765819361817198,0.6273661438615468,0.10275824770146025,0.1476473769605192,0.1400757166035695,0.10275824770146025,0.149269875608437
25,017,352300,3450,2325,2102,346,705,642,256,313,25,017,352300,25017352300,0.6739130434782609,0.6092753623188406,0.10028985507246377,0.20434782608695654,0.18608695652173912,0.07420289855072464,0.09072463768115942
25,017,352400,2126,701,567,350,288,265,876,147,25,017,352400,25017352400,0.3297271872060207,0.2666980244590781,0.16462841015992474,0.1354656632173095,0.12464722483537159,0.4120413922859831,0.06914393226716839
25,017,352500,2894,1710,1587,284,354,305,606,391,25,017,352500,25017352500,0.5908776779543884,0.5483759502418798,0.09813407049067036,0.12232204561161023,0.10539046302695232,0.2093987560469938,0.13510711817553558
25,017,352600,2378,1624,1488,265,265,247,277,302,25,017,352600,25017352600,0.6829268292682927,0.6257359125315392,0.11143818334735071,0.11143818334735071,0.10386879730866275,0.11648444070647603,0.12699747687132043
25,017,352700,2057,1258,1162,228,166,138,453,201,25,017,352700,25017352700,0.6115702479338843,0.5649003403014098,0.11084103062712689,0.08070004861448711,0.06708799222168206,0.22022362664073894,0.09771511910549344
25,017,352800,2115,1508,1430,214,193,166,230,306,25,017,352800,25017352800,0.7130023640661939,0.6761229314420804,0.10118203309692671,0.09125295508274232,0.07848699763593381,0.10874704491725769,0.14468085106382977
25,017,352900,2646,2141,2037,138,276,251,145,640,25,017,352900,25017352900,0.809145880574452,0.7698412698412699,0.05215419501133787,0.10430839002267574,0.09486016628873772,0.054799697656840514,0.2418745275888133
25,017,353000,3584,2336,2159,313,633,558,428,452,25,017,353000,25017353000,0.6517857142857143,0.6023995535714286,0.08733258928571429,0.17661830357142858,0.15569196428571427,0.11941964285714286,0.12611607142857142
25,017,353101,2460,1452,1311,266,451,379,379,101,25,017,353101,25017353101,0.5902439024390244,0.5329268292682927,0.108130081300813,0.18333333333333332,0.1540650406504065,0.1540650406504065,0.04105691056910569
25,017,353102,5040,2501,2101,561,2015,1844,289,0,25,017,353102,25017353102,0.49623015873015874,0.4168650793650794,0.1113095238095238,0.3998015873015873,0.36587301587301585,0.05734126984126984,0.0
25,017,353200,4897,3065,2826,361,1141,1056,489,574,25,017,353200,25017353200,0.6258934041249745,0.5770880130692261,0.07371860322646519,0.23299979579334287,0.21564222993669593,0.09985705534000408,0.117214621196651
25,017,353300,3471,2711,2608,170,327,258,294,695,25,017,353300,25017353300,0.7810429271103428,0.7513684817055604,0.048977239988475946,0.09420916162489196,0.07433016421780467,0.0847018150388937,0.20023048112935754
25,017,353400,2848,1436,1339,241,378,322,825,472,25,017,353400,25017353400,0.5042134831460674,0.47015449438202245,0.08462078651685394,0.1327247191011236,0.11306179775280899,0.28967696629213485,0.16573033707865167
25,017,353500,2602,1635,1547,175,312,282,525,401,25,017,353500,25017353500,0.6283627978478094,0.5945426594926979,0.06725595695618755,0.11990776325903152,0.1083781706379708,0.20176787086856265,0.15411222136817831
25,017,353600,4551,3473,3302,246,688,591,242,499,25,017,353600,25017353600,0.7631289826411778,0.7255548231157988,0.05405405405405406,0.15117556580971214,0.12986156888595912,0.053175126345858054,0.10964623159745111
25,017,353700,5365,3745,3503,354,1177,1007,242,424,25,017,353700,25017353700,0.6980428704566636,0.6529356943150046,0.06598322460391426,0.21938490214352283,0.18769804287045666,0.0451071761416589,0.07903075489282387
25,017,353800,4702,3509,3299,257,843,757,247,847,25,017,353800,25017353800,0.746278179498086,0.701616333475117,0.054657592513823905,0.1792854104636325,0.16099532113994044,0.052530837941301575,0.18013611229264143
25,017,353900,7090,4189,3743,578,2135,1894,523,104,25,017,353900,25017353900,0.5908321579689704,0.5279266572637518,0.08152327221438646,0.3011283497884344,0.26713681241184767,0.07376586741889986,0.01466854724964739
25,017,354000,4366,3382,3188,264,699,635,154,655,25,017,354000,25017354000,0.7746220797068255,0.7301878149335777,0.060467246907924876,0.16010077874484654,0.14544205222171325,0.03527256069628951,0.1500229042601924
25,017,354100,2907,2437,2317,147,303,258,104,736,25,017,354100,25017354100,0.8383212934296526,0.7970416236670107,0.05056759545923633,0.1042311661506708,0.08875128998968008,0.03577571379428965,0.25318197454420366
25,017,354200,2907,2620,2545,95,170,124,54,899,25,017,354200,25017354200,0.9012727898176814,0.8754729962160303,0.032679738562091505,0.05847953216374269,0.042655658754729965,0.018575851393188854,0.30925352597179223
25,017,354300,3346,2348,2233,246,325,277,487,639,25,017,354300,25017354300,0.7017334130304842,0.6673640167364017,0.07352062163777645,0.09713090257023312,0.08278541542139868,0.14554692169754932,0.19097429766885834
25,017,354400,1647,1382,1334,67,124,84,92,434,25,017,354400,25017354400,0.8391013964784456,0.8099574984820886,0.04068002428658166,0.07528840315725562,0.051001821493624776,0.05585913782635094,0.26350941105039466
25,017,354500,2236,1881,1792,112,235,212,77,522,25,017,354500,25017354500,0.8412343470483006,0.8014311270125224,0.05008944543828265,0.1050983899821109,0.09481216457960644,0.03443649373881932,0.2334525939177102
25,017,354600,4538,2702,2557,234,575,490,1098,804,25,017,354600,25017354600,0.5954164830321728,0.5634640810929925,0.05156456588805641,0.12670780079330102,0.10797708241516087,0.24195680916703394,0.1771705597179374
25,017,354700,2509,2013,1942,106,268,220,152,585,25,017,354700,25017354700,0.8023116779593463,0.7740135512156238,0.04224790753288163,0.1068154643284177,0.0876843363889996,0.06058190514149064,0.23316062176165803
25,017,354800,1903,1598,1550,76,171,136,84,475,25,017,354800,25017354800,0.8397267472411981,0.814503415659485,0.039936941671045716,0.08985811875985286,0.07146610614818708,0.0441408302679979,0.24960588544403572
25,017,354900,6058,2327,2140,563,1378,1246,1916,722,25,017,354900,25017354900,0.38412017167381973,0.353251898316276,0.09293496203367448,0.22746781115879827,0.20567844172994387,0.3162759986794322,0.11918124793661275
25,017,355000,2689,1928,1827,168,323,281,319,589,25,017,355000,25017355000,0.7169951654890294,0.6794347341018966,0.06247675715879509,0.12011900334696914,0.10449981405727037,0.11863146150985497,0.21904053551506136
25,017,356100,3110,2746,2658,120,264,203,32,651,25,017,356100,25017356100,0.8829581993569132,0.8546623794212219,0.03858520900321544,0.08488745980707396,0.06527331189710611,0.010289389067524116,0.20932475884244373
25,017,356300,5040,4005,3861,243,581,527,288,1019,25,017,356300,25017356300,0.7946428571428571,0.7660714285714286,0.048214285714285716,0.11527777777777778,0.10456349206349207,0.05714285714285714,0.20218253968253969
25,017,356400,7247,6511,6387,172,531,449,96,2377,25,017,356400,25017356400,0.8984407340968676,0.8813302056023182,0.02373395887953636,0.07327169863391748,0.061956671726231545,0.013246860769973782,0.3279977921898717
25,017,356500,6580,5652,5535,199,626,537,122,2070,25,017,356500,25017356500,0.8589665653495441,0.8411854103343465,0.030243161094224924,0.09513677811550152,0.08161094224924012,0.018541033434650456,0.31458966565349544
25,017,356601,4216,3566,3475,137,450,384,118,1286,25,017,356601,25017356601,0.8458254269449715,0.8242409867172675,0.03249525616698292,0.10673624288425047,0.09108159392789374,0.027988614800759013,0.3050284629981025
25,017,356602,4169,3674,3606,111,317,269,97,1250,25,017,356602,25017356602,0.8812664907651715,0.8649556248500839,0.026625089949628207,0.0760374190453346,0.06452386663468458,0.023266970496521946,0.2998320940273447
25,017,356701,5844,4831,4690,214,714,651,154,1134,25,017,356701,25017356701,0.8266598220396988,0.8025325119780972,0.03661875427789185,0.12217659137577003,0.11139630390143737,0.026351813826146476,0.19404517453798767
25,017,356702,6638,5732,5592,199,633,530,133,1833,25,017,356702,25017356702,0.8635131063573366,0.8424224163904791,0.029978909310033143,0.09536004820729135,0.07984332630310334,0.020036155468514612,0.27613739078035554
25,017,357100,4185,3576,3499,93,534,479,29,1217,25,017,357100,25017357100,0.8544802867383513,0.8360812425328554,0.022222222222222223,0.12759856630824373,0.11445639187574672,0.006929510155316607,0.2908004778972521
25,017,357200,3202,2706,2630,98,420,357,33,890,25,017,357200,25017357200,0.8450968144909432,0.8213616489693941,0.030605871330418487,0.1311680199875078,0.11149281698938164,0.010306058713304185,0.27795128044971895
25,017,357300,2973,2460,2395,97,382,346,57,640,25,017,357300,25017357300,0.82744702320888,0.8055835856037672,0.032626976118398925,0.12848974100235452,0.1163807601749075,0.01917255297679112,0.21527077026572486
25,017,357400,2339,2046,1989,86,208,169,29,600,25,017,357400,25017357400,0.8747327917913639,0.8503634031637451,0.0367678495083369,0.08892689183411714,0.07225309961522018,0.012398460880718255,0.25651988029072254
25,017,357500,2130,1784,1751,59,283,242,21,478,25,017,357500,25017357500,0.8375586854460094,0.8220657276995306,0.027699530516431925,0.13286384976525822,0.1136150234741784,0.009859154929577466,0.2244131455399061
25,017,357600,2432,1948,1907,73,365,339,61,507,25,017,357600,25017357600,0.8009868421052632,0.7841282894736842,0.030016447368421052,0.15008223684210525,0.13939144736842105,0.025082236842105265,0.20847039473684212
25,017,357700,3727,2957,2866,132,535,477,135,730,25,017,357700,25017357700,0.7933995170378321,0.7689830963241213,0.035417225650657365,0.14354708881137646,0.12798497451033003,0.03622216259726321,0.19586799034075664
25,017,357800,3741,3162,3081,116,401,326,90,1045,25,017,357800,25017357800,0.8452285485164395,0.8235765838011226,0.031007751937984496,0.10719059075113606,0.08714247527399091,0.024057738572574178,0.2793370756482224
25,017,358100,5105,4075,3989,103,905,813,77,1550,25,017,358100,25017358100,0.7982370225269344,0.7813907933398628,0.020176297747306563,0.1772771792360431,0.15925563173359453,0.015083251714005876,0.3036238981390793
25,017,358300,5526,3826,3700,149,1475,1341,147,1239,25,017,358300,25017358300,0.6923633731451321,0.669562070213536,0.026963445530220776,0.26692001447701774,0.24267100977198697,0.026601520086862108,0.22421281216069489
25,017,358400,4895,3823,3726,120,963,891,58,1485,25,017,358400,25017358400,0.7810010214504597,0.7611848825331972,0.024514811031664963,0.19673135852911133,0.18202247191011237,0.011848825331971399,0.30337078651685395
25,017,358500,4861,3626,3552,101,1107,1023,48,1492,25,017,358500,25017358500,0.745937049989714,0.7307138448878832,0.02077761777412055,0.22773091956387576,0.21045052458341906,0.009874511417403826,0.3069327298909689
25,017,358600,5947,4474,4382,128,1315,1211,63,1745,25,017,358600,25017358600,0.7523120901294771,0.7368421052631579,0.021523457205313602,0.22111989238271398,0.20363208340339667,0.010593576593240289,0.2934252564318144
25,017,358700,5060,3881,3789,112,1050,961,80,1660,25,017,358700,25017358700,0.76699604743083,0.7488142292490119,0.022134387351778657,0.2075098814229249,0.1899209486166008,0.015810276679841896,0.32806324110671936
25,017,359100,6198,5317,5201,181,606,561,156,1616,25,017,359100,25017359100,0.8578573733462407,0.8391416585995483,0.02920296869958051,0.09777347531461762,0.09051306873184899,0.02516940948693127,0.26072926750564696
25,017,359300,7122,6126,5983,175,754,689,145,2080,25,017,359300,25017359300,0.8601516427969671,0.8400730131985398,0.02457174950856501,0.10586913788261725,0.09674248806515023,0.020359449592811007,0.29205279415894414
25,017,360100,1286,962,843,192,81,44,147,0,25,017,360100,25017360100,0.7480559875583204,0.6555209953343701,0.14930015552099535,0.06298600311041991,0.03421461897356143,0.11430793157076205,0.0
25,017,360200,5076,4514,4423,124,375,307,106,1706,25,017,360200,25017360200,0.8892828999211978,0.8713553979511426,0.02442868400315209,0.07387706855791962,0.06048069345941686,0.020882584712371945,0.33609141055949565
25,017,361100,5657,5365,5296,83,214,177,35,1846,25,017,361100,25017361100,0.9483825349124978,0.9361852572034647,0.014672087678981793,0.03782923811207354,0.03128866890578045,0.00618702492487184,0.3263213717518119
25,017,361200,5765,4829,4578,365,320,276,479,1346,25,017,361200,25017361200,0.8376409366869038,0.7941023417172594,0.06331309627059845,0.055507372072853424,0.04787510841283608,0.08308759757155247,0.23347788378143972
25,017,361300,6246,5656,5528,207,309,256,159,1795,25,017,361300,25017361300,0.9055395453089977,0.8850464297150176,0.03314121037463977,0.0494716618635927,0.04098623118796029,0.025456292026897216,0.28738392571245597
25,017,362100,4852,4330,4257,100,450,381,20,1573,25,017,362100,25017362100,0.8924154987633965,0.8773701566364386,0.020610057708161583,0.09274525968672712,0.07852431986809563,0.004122011541632316,0.3241962077493817
25,017,363102,5909,4049,3905,215,1542,1488,103,1367,25,017,363102,25017363102,0.6852259265527162,0.6608563208664748,0.03638517515654087,0.26095786089016754,0.25181925875782707,0.017431037400575392,0.2313420206464715
25,017,363103,3229,2573,2517,80,550,518,46,972,25,017,363103,25017363103,0.7968411272839888,0.7794982966862806,0.024775472282440383,0.17033137194177764,0.16042118302880148,0.01424589656240322,0.30102198823165066
25,017,363104,6105,4731,4633,143,1226,1169,66,1876,25,017,363104,25017363104,0.774938574938575,0.7588861588861588,0.023423423423423424,0.2008190008190008,0.1914823914823915,0.010810810810810811,0.3072891072891073
25,017,363201,3219,2689,2635,61,493,455,6,965,25,017,363201,25017363201,0.8353525939732837,0.8185771978875427,0.018949984467225848,0.15315315315315314,0.14134824479652067,0.001863932898415657,0.2997825411618515
25,017,363202,3462,2911,2865,61,473,437,17,1043,25,017,363202,25017363202,0.8408434430964761,0.8275563258232236,0.017619872905834777,0.1366262276140959,0.12622761409589833,0.004910456383593298,0.3012709416522241
25,017,364101,5266,4880,4718,240,146,123,101,1598,25,017,364101,25017364101,0.9266995822255982,0.8959361944549943,0.04557538928978352,0.027725028484618306,0.02335738701101405,0.019179642992783897,0.3034561336878086
25,017,364102,4840,4485,4392,137,174,152,69,1420,25,017,364102,25017364102,0.9266528925619835,0.9074380165289256,0.02830578512396694,0.03595041322314049,0.03140495867768595,0.014256198347107438,0.29338842975206614
25,017,365100,7732,7013,6911,128,586,476,62,2354,25,017,365100,25017365100,0.9070098292809105,0.8938178996378686,0.016554578375581996,0.07578892912571134,0.061562338334195554,0.00801862390067253,0.30444904293843766
25,017,365201,5607,5110,5023,119,396,323,29,1722,25,017,365201,25017365201,0.9113607990012484,0.8958444801141431,0.02122347066167291,0.07062600321027288,0.057606563224540754,0.005172106295701802,0.30711610486891383
25,017,365202,4320,3913,3845,103,288,242,58,1251,25,017,365202,25017365202,0.905787037037037,0.8900462962962963,0.023842592592592592,0.06666666666666667,0.056018518518518516,0.013425925925925926,0.28958333333333336
25,017,366100,4697,3939,3830,136,637,593,66,1438,25,017,366100,25017366100,0.8386203959974452,0.8154140941026187,0.028954651905471578,0.13561847988077497,0.12625079838194592,0.01405152224824356,0.3061528635299127
25,017,366201,3598,3258,3193,81,285,244,26,1162,25,017,366201,25017366201,0.90550305725403,0.8874374652584769,0.022512506948304613,0.0792106725958866,0.0678154530294608,0.007226236798221234,0.3229571984435798
25,017,366202,4699,4133,4059,98,500,449,21,1664,25,017,366202,25017366202,0.8795488401787614,0.8638008086826985,0.0208555011704618,0.10640561821664184,0.09555224515854437,0.004469035965098957,0.35411789742498406
25,017,367100,3959,3422,3342,90,493,436,21,1213,25,017,367100,25017367100,0.8643596867895933,0.844152563778732,0.022733013387218996,0.12452639555443294,0.11012882040919424,0.0053043697903510986,0.30639050265218487
25,017,367200,7302,6189,6051,204,786,678,209,2012,25,017,367200,25017367200,0.8475760065735415,0.8286770747740345,0.027937551355792935,0.1076417419884963,0.09285127362366474,0.028622295261572173,0.2755409476855656
25,017,368101,6101,4651,4452,306,965,917,293,1321,25,017,368101,25017368101,0.7623340435994099,0.7297164399278807,0.050155712178331424,0.15817079167349615,0.15030322897885592,0.048024913948533025,0.21652188165874448
25,017,368102,3627,2690,2560,256,472,431,304,1190,25,017,368102,25017368102,0.7416597739178384,0.7058174800110284,0.07058174800110284,0.13013509787703337,0.11883098979873173,0.08381582575130962,0.32809484422387647
25,017,368200,4294,3447,3287,364,374,326,239,1157,25,017,368200,25017368200,0.8027480204937122,0.7654867256637168,0.0847694457382394,0.08709827666511412,0.0759198882161155,0.05565905915230554,0.2694457382394038
25,017,368300,5345,3752,3148,1209,476,454,433,807,25,017,368300,25017368300,0.7019644527595884,0.5889616463985032,0.22619270346117867,0.08905519176800748,0.08493919550982226,0.08101028999064547,0.1509822263797942
25,017,368400,8117,6008,5557,765,1266,1168,435,969,25,017,368400,25017368400,0.7401749414808427,0.6846125415794012,0.09424664284834298,0.1559689540470617,0.1438955279043982,0.05359122828631268,0.11937908094123445
25,017,368500,3297,2148,1827,856,410,385,156,269,25,017,368500,25017368500,0.651501364877161,0.554140127388535,0.2596299666363361,0.12435547467394602,0.11677282377919321,0.047315741583257506,0.08158932362754019
25,017,368600,5196,3850,3300,1340,259,227,263,733,25,017,368600,25017368600,0.7409545804464973,0.6351039260969977,0.25789068514241725,0.049846035411855276,0.0436874518860662,0.05061585835257891,0.14107005388760585
25,017,368700,2462,1599,1255,869,108,85,208,277,25,017,368700,25017368700,0.6494719740048741,0.5097481722177092,0.3529650690495532,0.043866774979691305,0.03452477660438668,0.08448415922014622,0.11251015434606011
25,017,368800,4741,3352,2861,1132,343,319,359,785,25,017,368800,25017368800,0.7070238346340435,0.6034591858257752,0.23876819236448008,0.07234760599029741,0.06728538283062645,0.07572242143007804,0.1655768825142375
25,017,368901,6801,5671,5421,387,714,661,229,1591,25,017,368901,25017368901,0.8338479635347743,0.7970886634318483,0.05690339655932951,0.10498456109395678,0.09719158947213645,0.03367151889428025,0.23393618585502132
25,017,368902,4320,2928,2607,499,574,543,559,360,25,017,368902,25017368902,0.6777777777777778,0.6034722222222222,0.11550925925925926,0.13287037037037036,0.12569444444444444,0.12939814814814815,0.08333333333333333
25,017,369000,1528,1254,1192,80,198,174,51,497,25,017,369000,25017369000,0.8206806282722513,0.7801047120418848,0.05235602094240838,0.12958115183246074,0.11387434554973822,0.03337696335078534,0.325261780104712
25,017,369100,4803,4347,4211,217,202,170,122,1603,25,017,369100,25017369100,0.9050593379138039,0.8767437018530085,0.04518009577347491,0.04205704767853425,0.03539454507599417,0.02540079117218405,0.3337497397459921
25,017,370101,6488,5553,5355,384,441,399,220,1663,25,017,370101,25017370101,0.8558877928483354,0.8253699136868065,0.059186189889025895,0.06797163995067818,0.061498150431565965,0.03390875462392109,0.2563193588162762
25,017,370102,6751,5422,5150,420,844,764,233,1505,25,017,370102,25017370102,0.8031402755147385,0.7628499481558287,0.062213005480669534,0.12501851577544068,0.11316841949340839,0.03451340542141905,0.2229299363057325
25,017,370201,3757,3320,3229,128,254,214,77,1024,25,017,370201,25017370201,0.8836837902581848,0.8594623369709875,0.03406973649188182,0.06760713335107799,0.05696034069736492,0.020495075858397657,0.2725578919350546
25,017,370202,4149,3807,3699,159,167,129,69,1105,25,017,370202,25017370202,0.9175704989154013,0.8915401301518439,0.038322487346348515,0.04025066281031574,0.03109182935647144,0.016630513376717282,0.2663292359604724
25,017,370300,5644,4562,4343,375,565,446,215,1074,25,017,370300,25017370300,0.8082919914953933,0.7694897236002834,0.06644223954642098,0.10010630758327427,0.07902197023387668,0.03809355067328136,0.19029057406094968
25,017,370400,5126,4427,4289,222,392,352,136,989,25,017,370400,25017370400,0.8636363636363636,0.8367147873585642,0.04330862270776434,0.07647288333983612,0.06866952789699571,0.026531408505657432,0.1929379633242294
25,017,373100,4755,3893,3793,177,571,500,145,1032,25,017,373100,25017373100,0.8187171398527865,0.7976866456361724,0.03722397476340694,0.12008412197686645,0.10515247108307045,0.030494216614090432,0.2170347003154574
25,017,373200,4391,3507,3359,269,583,557,119,803,25,017,373200,25017373200,0.7986791163744021,0.7649738100660441,0.06126167160100205,0.13277157822819402,0.12685037576861763,0.027100888180368935,0.18287406057845593
25,017,373300,2799,2284,2234,104,348,309,85,672,25,017,373300,25017373300,0.8160057163272597,0.7981421936405859,0.037156127188281526,0.12433011789924973,0.11039657020364416,0.03036798856734548,0.24008574490889603
25,017,373400,3204,2722,2641,144,325,285,67,753,25,017,373400,25017373400,0.8495630461922596,0.8242821473158551,0.0449438202247191,0.10143570536828964,0.08895131086142322,0.020911360799001247,0.2350187265917603
25,017,373500,6187,5382,5203,222,627,515,72,1679,25,017,373500,25017373500,0.8698884758364313,0.8409568449975756,0.03588168740908356,0.10134152254727655,0.08323904962017133,0.011637304024567642,0.27137546468401486
25,017,373600,6026,5015,4747,381,703,606,161,775,25,017,373600,25017373600,0.8322270162628609,0.7877530700298706,0.06322602057749752,0.1166611350813143,0.10056422170594093,0.026717557251908396,0.1286093594424162
25,017,373700,3790,3367,3309,76,315,238,49,1212,25,017,373700,25017373700,0.8883905013192612,0.8730870712401055,0.020052770448548814,0.08311345646437995,0.06279683377308708,0.012928759894459104,0.31978891820580474
25,017,373800,5923,4785,4627,219,892,806,140,1619,25,017,373800,25017373800,0.8078676346446058,0.7811919635319939,0.036974506162417695,0.15059935843322642,0.13607968934661488,0.023636670606111767,0.27334121222353536
25,017,373900,6373,5121,4975,196,1038,969,123,2070,25,017,373900,25017373900,0.803546210575867,0.780637062607877,0.0307547465871646,0.1628746273340656,0.1520477012396046,0.019300172603169623,0.3248077828338302
25,017,374000,5237,4059,3931,207,840,777,209,1455,25,017,374000,25017374000,0.7750620584303991,0.7506205843039908,0.03952644643880084,0.16039717395455413,0.14836738590796258,0.03990834447202597,0.2778308191712813
25,017,374100,4647,3354,3216,234,965,898,183,1094,25,017,374100,25017374100,0.7217559715945772,0.6920593931568754,0.05035506778566817,0.20766085646653756,0.19324295244243597,0.039380245319561004,0.23542070152786745
25,017,374200,4194,3525,3416,140,485,439,102,1179,25,017,374200,25017374200,0.8404864091559371,0.8144969003338102,0.03338102050548403,0.1156413924654268,0.10467334287076777,0.024320457796852647,0.2811158798283262
25,017,374300,3494,3140,3087,70,276,226,41,1136,25,017,374300,25017374300,0.8986834573554665,0.883514596451059,0.02003434459072696,0.07899255867200916,0.06468231253577561,0.011734401831711505,0.3251287922152261
25,017,374400,5743,4959,4830,179,595,518,87,1563,25,017,374400,25017374400,0.8634859829357479,0.841023855127982,0.03116837889604736,0.1036043879505485,0.09019676127459515,0.015148876893609612,0.2721574090196761
25,017,374500,4339,3554,3407,217,525,457,148,1053,25,017,374500,25017374500,0.8190827379580549,0.7852039640470154,0.05001152339248675,0.12099562111085503,0.10532380732887762,0.03410924176077437,0.24268264577091495
25,017,374600,4829,3973,3814,316,515,472,126,1309,25,017,374600,25017374600,0.8227376268378547,0.7898115551874094,0.06543797887761442,0.10664733899358045,0.09774280389314557,0.026092358666390557,0.27107061503416857
25,017,374700,4477,3601,3483,168,668,611,113,1060,25,017,374700,25017374700,0.8043332588787134,0.7779763234308689,0.037525128434219346,0.14920705829796738,0.13647531829350013,0.02524011614920706,0.23676569131114586
25,017,374800,4738,3833,3729,157,648,607,190,928,25,017,374800,25017374800,0.8089911355002111,0.7870409455466442,0.03313634444913466,0.13676656817222457,0.12811312790206839,0.04010130856901646,0.19586323343182777
25,017,382100,4911,4290,4199,118,459,423,98,1638,25,017,382100,25017382100,0.8735491753207086,0.8550193443290572,0.02402769293422928,0.09346365302382406,0.08613317043372022,0.01995520260639381,0.3335369578497251
25,017,382200,5158,4672,4559,158,264,205,125,1520,25,017,382200,25017382200,0.9057774331136099,0.8838697169445522,0.030632027917797598,0.051182628925940284,0.0397440868553703,0.02423419930205506,0.29468786351298953
25,017,382300,5568,5081,4982,153,298,237,74,1681,25,017,382300,25017382300,0.9125359195402298,0.8947557471264368,0.02747844827586207,0.053520114942528736,0.04256465517241379,0.01329022988505747,0.3019037356321839
25,017,382400,4523,4225,4163,105,160,132,42,1257,25,017,382400,25017382400,0.9341145257572407,0.9204068096396197,0.02321468052177758,0.035374751271280126,0.0291841697988061,0.009285872208711032,0.27791288967499445
25,017,382500,4418,3888,3800,142,311,270,114,1077,25,017,382500,25017382500,0.8800362154821186,0.8601177003168855,0.03214124038026256,0.07039384336803983,0.06111362607514713,0.025803531009506563,0.24377546401086464
25,017,382601,4269,3064,2962,198,859,805,146,1074,25,017,382601,25017382601,0.7177324900445069,0.6938393066291871,0.046380885453267746,0.20121808386038886,0.1885687514640431,0.034200046849379245,0.2515811665495432
25,017,382602,4159,3602,3524,120,360,314,93,1348,25,017,382602,25017382602,0.8660735753786968,0.8473190670834335,0.028853089685020438,0.08655926905506131,0.07549891800913681,0.02236114450589084,0.3241163741283962
25,017,383101,4217,2293,1686,1143,66,62,383,311,25,017,383101,25017383101,0.543751482096277,0.3998102916765473,0.27104576713303297,0.015650936684847048,0.01470239506758359,0.09082285985297604,0.07374911074223381
25,017,383102,4923,2310,1141,2353,66,63,704,264,25,017,383102,25017383102,0.4692260816575259,0.2317692463944749,0.4779605931342677,0.01340645947592931,0.012797074954296161,0.14300223440991267,0.05362583790371724
25,017,383200,6046,3609,2929,1576,210,183,387,876,25,017,383200,25017383200,0.5969235858418789,0.484452530598743,0.26066821038703275,0.03473370823685081,0.030267945749255707,0.06400926232219649,0.1448891829308634
25,017,383300,3042,2105,1993,352,120,115,165,529,25,017,383300,25017383300,0.6919789612097305,0.6551610782380013,0.11571334648257725,0.03944773175542406,0.03780407626561473,0.054240631163708086,0.17389875082182774
25,017,383400,5540,3378,2881,942,333,311,437,911,25,017,383400,25017383400,0.6097472924187726,0.5200361010830324,0.1700361010830325,0.060108303249097474,0.056137184115523465,0.07888086642599278,0.1644404332129964
25,017,383501,4259,2721,2464,607,507,482,284,438,25,017,383501,25017383501,0.6388823667527589,0.5785395632777647,0.14252171871331298,0.11904202864522188,0.11317210612819911,0.06668231979337873,0.10284104249823903
25,017,383502,3773,3117,2981,271,184,155,178,608,25,017,383502,25017383502,0.8261330506228466,0.7900874635568513,0.07182613305062285,0.048767558971640604,0.041081367611979856,0.04717731248343493,0.16114497747150808
25,017,383600,6138,4646,4421,455,530,485,402,1464,25,017,383600,25017383600,0.7569240795047246,0.7202671880091235,0.07412838057999348,0.08634734441186054,0.07901596611274031,0.06549364613880743,0.23851417399804498
25,017,383700,5213,4296,4091,361,338,295,207,1540,25,017,383700,25017383700,0.8240936121235373,0.7847688471129868,0.06924995204296949,0.06483790523690773,0.05658929599079225,0.03970842125455592,0.29541530788413584
25,017,383800,5360,4561,4423,285,333,292,158,1808,25,017,383800,25017383800,0.8509328358208955,0.8251865671641792,0.05317164179104478,0.062126865671641794,0.05447761194029851,0.029477611940298507,0.3373134328358209
25,017,383901,7628,6791,6602,261,410,354,236,2534,25,017,383901,25017383901,0.8902726796014683,0.8654955427372837,0.03421604614577871,0.05374934452018878,0.046407970634504456,0.03093864708966964,0.3321971683272155
25,017,383902,5227,4460,4383,149,457,417,127,1776,25,017,383902,25017383902,0.8532619093170078,0.8385307059498757,0.02850583508704802,0.0874306485555768,0.0797780753778458,0.024296919839295963,0.3397742490912569
25,017,384001,1437,1131,1092,77,160,148,57,480,25,017,384001,25017384001,0.7870563674321504,0.7599164926931107,0.05358385525400139,0.11134307585247043,0.10299234516353514,0.03966597077244259,0.33402922755741127
25,017,384002,5515,3704,3538,329,1029,971,268,982,25,017,384002,25017384002,0.671622846781505,0.6415231187669991,0.059655485040797825,0.18658204895738895,0.17606527651858567,0.0485947416137806,0.17805983680870355
25,017,385100,6717,5860,5721,214,535,493,116,1889,25,017,385100,25017385100,0.8724132797379782,0.8517195176418044,0.03185946106892958,0.07964865267232396,0.07339586124758077,0.017269614411195473,0.2812267381271401
25,017,385201,2568,2152,2058,194,132,121,79,677,25,017,385201,25017385201,0.838006230529595,0.8014018691588785,0.07554517133956386,0.0514018691588785,0.047118380062305294,0.030763239875389408,0.2636292834890966
25,017,385202,7308,5966,5751,332,899,838,196,2644,25,017,385202,25017385202,0.8163656267104543,0.7869458128078818,0.04542966611932129,0.12301587301587301,0.11466885604816639,0.02681992337164751,0.36179529282977557
25,017,386100,4119,3887,3845,57,166,137,16,1341,25,017,386100,25017386100,0.9436756494294731,0.9334789997572226,0.013838310269482883,0.04030104394270454,0.03326050012138869,0.0038844379703811605,0.325564457392571
25,017,387100,4257,4059,4005,66,116,82,32,1372,25,017,387100,25017387100,0.9534883720930233,0.9408033826638478,0.015503875968992248,0.027249236551562132,0.01926239135541461,0.007517030772844727,0.3222926943857176
25,017,387201,5464,5120,5047,105,173,155,60,1727,25,017,387201,25017387201,0.9370424597364568,0.9236822840409956,0.019216691068814056,0.03166178623718887,0.028367496339677892,0.010980966325036604,0.3160688140556369
25,017,387202,3826,3646,3593,75,118,100,26,1221,25,017,387202,25017387202,0.9529534762153685,0.9391008886565604,0.019602718243596447,0.030841610036591742,0.026136957658128592,0.006795608991113434,0.31913225300575015
25,017,388100,4996,4023,3940,113,878,814,24,1532,25,017,388100,25017388100,0.805244195356285,0.7886309047237791,0.022618094475580466,0.1757405924739792,0.16293034427542033,0.004803843074459567,0.3066453162530024
25,017,388200,7211,6213,5739,561,253,201,579,1669,25,017,388200,25017388200,0.8616003328248509,0.795867424767716,0.07779780890306476,0.035085286368048814,0.027874081264734434,0.08029399528498128,0.2314519484121481
25,017,388300,5420,3179,2531,1640,878,824,313,172,25,017,388300,25017388300,0.5865313653136531,0.4669741697416974,0.3025830258302583,0.16199261992619926,0.15202952029520295,0.05774907749077491,0.03173431734317343
25,017,980000,0,0,0,0,0,0,0,0,25,017,980000,25017980000,0.0,0.0,0.0,0.0,0.0,0.0,0.0
